A.C. Reed	You're Going To Miss Me	Aaron Carthen Reed
A.C. Reed	Woman In A Pick Up	Aaron Carthen Reed
A.C. Reed	Roadhouse Blues	John Densmore
A.C. Reed	Roadhouse Blues	Robby Krieger
A.C. Reed	Roadhouse Blues	Ray Manzarek
A.C. Reed	Roadhouse Blues	Jim Morrison
A.C. Reed	Party With Y'all	Aaron Carthen Reed
A.C. Reed	Lonely Man	Aaron Carthen Reed
A.C. Reed	Last Time Around	Aaron Carthen Reed
A.C. Reed	Junk Food	Aaron Carthen Reed
A.C. Reed	Give It Up (Smoking)	Aaron Carthen Reed
A.C. Reed	Florine	Aaron Carthen Reed
A.C. Reed	Fed Up	Aaron Carthen Reed
A.C. Reed	Broke Music	Aaron Carthen Reed
A.C. Reed	Big Woman	Aaron Carthen Reed
Albert Collins	When The Welfare Turns Its Back On You	Weaver
Albert Collins	When The Welfare Turns Its Back On You	Thompson
Albert Collins	When A Guitar Plays The Blues	Albert Collins
Albert Collins	Travelin' South	Gwendolyn Collins
Albert Collins	Trash Talkin'	Albert Collins
Albert Collins	Too Many Dirty Dishes	Newton
Albert Collins	Tired Man	Albert Collins
Albert Collins	The Moon Is Full	Gwendolyn Collins
Albert Collins	The Highway Is Like A Woman	Albert Collins
Albert Collins	The Hawk	Gwendolyn Collins
Albert Collins	The Hawk	J.B. Richardson
Albert Collins	T-Bone Shuffle	T-Bone Walker
Albert Collins	Stormy Monday	T-Bone Walker
Albert Collins	Soul Food	Albert Collins
Albert Collins	Snowed In	Albert Collins
Albert Collins	Snatchin' It Back	Clarence Carter
Albert Collins	Snatchin' It Back	George Jackson
Albert Collins	Same Old Thing	Albert Collins
Albert Collins	Quicksand	Albert Collins
Albert Collins	Put The Shoe On The Other Foot	Gwendolyn Collins
Albert Collins	Put The Shoe On The Other Foot	H. Williams
Albert Collins	My Mind Is Trying To Leave Me	Albert Collins
Albert Collins	Mustang Sally	Bill Rice
Albert Collins	Mr. Collins, Mr. Collins	Gwendolyn Collins
Albert Collins	Master Charge (version 2)	Gwendolyn Collins
Albert Collins	Master Charge (version 1)	Gwendolyn Collins
Albert Collins	Lights Are On But Nobody's Home	Gwendolyn Collins
Albert Collins	Jam It Up	Albert Collins
Albert Collins	If You Love Me Like You Say	Little Johnny Taylor
Albert Collins	If Trouble Was Money	Albert Collins
Albert Collins	Iceman	Gwendolyn Collins
Albert Collins	Iceman	Eric Smith
Albert Collins	I Need You So	Ivory Joe Hunter
Albert Collins	I'm Beginning To Wonder	Gwendolyn Collins
Albert Collins	I'm Beginning To Wonder	Eric Smith
Albert Collins	I Got Mad	A.C. Reed (Aaron Carthen Reed)
Albert Collins	I Got A Problem	Albert Collins
Albert Collins	I Ain't Drunk	Jimmy Liggins
Albert Collins	Head Rag	Gwendolyn Collins
Albert Collins	Head Rag	Johnny B. Gayden
Albert Collins	Head Rag	S. Richardson
Albert Collins	Got A Good Thing Goin'	Albert Collins
Albert Collins	Give Me My Blues	Albert Collins
Albert Collins	Get To Gettin'	Price, publisher unknown
Albert Collins	Ego Trip	Albert Collins , arrangement by Casey Jones (drums & vocal)
Albert Collins	Don't Mistake Kindness For Weakness	Gwendolyn Collins
Albert Collins	Don't Mistake Kindness For Weakness	Eric Smith
Albert Collins	Don't Go Reaching Across My Plate	Albert Collins
Albert Collins	Do What You Want To Do	Albert Collins
Albert Collins	Conversation With Collins	Albert Collins
Albert Collins	Cash Talkin' (The Workingman's Blues)	Doug MacLeod
Albert Collins	But I Was Cool	Albert Collins
Albert Collins	Broke	Albert Collins
Albert Collins	Brick	Albert Collins
Albert Collins	Blue Monday Hangover	Malone
Albert Collins	Blue Monday Hangover	Caple
Albert Collins	Bending Like A Willow Tree	Lowell Fulson
Albert Collins	Baby What You Want Me To Do/Rock Me Baby	Jimmy Reed
Albert Collins	Baby What You Want Me To Do/Rock Me Baby	B.B. King
Albert Collins	All About My Girl	Albert Collins
Albert Collins	Ain't Got Time	Stephen Hollister
Albert Collins	A Good Fool Is Hard To Find	Houston
Albert Collins	A Good Fool Is Hard To Find	Shackleford
Albert King	The Hunter	Steve Cropper
Albert King	The Hunter	Donald "Duck" Dunn
Albert King	That's What The Blues Is All About	Strickland
Albert King	That's What The Blues Is All About	Patterson
Albert King	Sky Is Crying	Elmore James
Albert King	Sky Is Crying	James Robinson
Albert King	Running Out Of Steam	Thomas
Albert King	Rub My Back	Lewis
Albert King	Oh Pretty Woman	Williams
Albert King	My Babe	Willie Dixon
Albert King	Little Brother (Make A Way)	Bush
Albert King	Little Brother (Make A Way)	Jones
Albert King	Little Brother (Make A Way)	Smith
Albert King	I Wanna Get Funky	Chester Burnett a.k.a. Howlin' Wolf
Albert King	I Wanna Get Funky	Carl Smith
Albert King	I'll Play The Blues For You	Jerry Beach
Albert King	I'll Play The Blues For You (Part 1 and 2)	Jerry Beach
Albert King	I Get Evil	Albert King
Albert King	I Don't Care What My Baby Do	Lewis
Albert King	I Believe To My Soul	Ray Charles
Albert King	Honky Tonk Woman	Mick Jagger
Albert King	Honky Tonk Woman	Keith Richards
Albert King	Guitar Man	Bert de Coteaux
Albert King	Guitar Man	Cherry
Albert King	GetOut Of My Life Woman	Albert King OR Toussaint
Albert King	For The Love Of A Woman	Don Nix
Albert King	Everybody Wants To Go To Heaven	Don Nix
Albert King	Don't Burn Down The Bridge	Jones
Albert King	Don't Burn Down The Bridge	Wells
Albert King	Crosscut Saw	Ford
Albert King	Change Of Pace	Ross
Albert King	Can't You See What You're Doing To Me	Albert King
Albert King	Callin' On My Darlin'	Willie Dixon
Albert King	Callin' On My Darlin'	Chester Burnett a.k.a. Howlin' Wolf
Albert King	Call My Job	Detroit Junior
Albert King	Call My Job	Al Perkins
Albert King	Born Under A Bad Sign	Booker T. Jones
Albert King	Born Under A Bad Sign	William Bell
Albert King	Blues Power	Albert King
Albert King	Blues At Sunrise	Albert King
Albert King	Answer To The Laundromat Blues	Albert King
Albert King	Almost Lost My Mind	Hunter
Albert King	Ain't Nothing You Can Do	Brooks
Albert King	(Ain't It) A Real Good Sign	Ross
Alvin Youngblood Hart	Treat Her Like A Lady	E. Cornelius Jr.
Alvin Youngblood Hart	Once Again	Alvin Youngblood Hart
Alvin Youngblood Hart	Manos Arriba	Alvin Youngblood Hart
Alvin Youngblood Hart	Hillbilly Willie's Blues	Blind Willie McTell
Alvin Youngblood Hart	Fightin' Hard	Alvin Youngblood Hart
Alvin Youngblood Hart	Electric Eel	Alvin Youngblood Hart
Alvin Youngblood Hart	Cryin' Shame	Black Oak Arkansas
Alvin Youngblood Hart	Cowboy Boots	B. Knight
Alvin Youngblood Hart	Big Mama's Door	Alvin Youngblood Hart
Alvin Youngblood Hart	A Prophet's Mission	Alvin Youngblood Hart
B.B. King	You've Been An Angel	B.B. King
B.B. King	You've Been An Angel	Jules Taub
B.B. King	You've Become A Habbit To Me	Jerry Williams
B.B. King	You've Always Got The Blues	Mickey Newbury
B.B. King	You Upset Me Baby	B.B. King
B.B. King	You Upset Me Baby	Joe Josea
B.B. King	You Shook Me	Willie Dixon
B.B. King	You Shook Me	J.B. Lenoir
B.B. King	You Shouldn't Have Left Me	B.B. King
B.B. King	You Shouldn't Have Left Me	Joe Josea
B.B. King	You're The Boss	Jerry Leiber
B.B. King	You're The Boss	Mike Stoller
B.B. King	You're Still My Woman	Dave Clark
B.B. King	You're Still My Woman	B.B. King
B.B. King	You're On Top (Version 2)	B.B. King
B.B. King	You're On Top (Version 2)	Sam Ling
B.B. King	You're On Top (Version 1)	B.B. King
B.B. King	You're On Top (Version 1)	Sam Ling
B.B. King	You Put It On Me	Maya Angelou
B.B. King	You Put It On Me	Quincy Jones
B.B. King	You Don't Know	B.B. King
B.B. King	You Don't Know	Sam Ling
B.B. King	You And Me, Me And You	Will Jennings
B.B. King	You And Me, Me And You	Troy Seals
B.B. King	Worry, Worry, Worry	Plumber Davis
B.B. King	Worry, Worry, Worry	Jules Taub
B.B. King	Worried Life	probably Lightnin' Hopkins
B.B. King	Worried Life Blues	probably Lightnin' Hopkins
B.B. King	Woke Up This Morning (My Baby's Gone)	B.B. King
B.B. King	Woke Up This Morning (My Baby's Gone)	Jules Taub
B.B. King	Why I Sing The Blues	B.B. King
B.B. King	Why I Sing The Blues	Dave Clark
B.B. King	Why Do Things Happen	B.B. King
B.B. King	Why Do Things Happen	Jules Taub
B.B. King	Who Are You	Dave Crawford
B.B. King	Who Are You	Howard Johnson
B.B. King	There's Something On Your Mind	Cecil James McNeely
B.B. King	There Is Always One More Time	Hirsch
B.B. King	There Is Always One More Time	Doc Pomus
B.B. King	The Thrill Is Gone	Roy Hawkins
B.B. King	The Thrill Is Gone	Rick Darnell
B.B. King	The Lowdown	Will Jennings
B.B. King	The Lowdown	Joe Sample
B.B. King	The Letter	B.B. King
B.B. King	The Letter	Adams
B.B. King	The Blues Come Over Me	Will Jennings
B.B. King	The Blues Come Over Me	Joe Sample
B.B. King	The Beginning Of The End	B.B. King
B.B. King	The Beginning Of The End	Will Jennings
B.B. King	Ten Long Years (Version 2)	B.B. King
B.B. King	Ten Long Years (Version 2)	Jules Bihari
B.B. King	Ten Long Years (Version 1)	B.B. King
B.B. King	Ten Long Years (Version 1)	Jules Bihari
B.B. King	Tell Me Baby	B.B. King
B.B. King	Tell Me Baby	Sam Ling
B.B. King	Teardrops From My Eyes	Rudolph Toombs
B.B. King	Take Off Your Shoes	Betty Crutcher
B.B. King	Take Off Your Shoes	Frederick Knight
B.B. King	Take It Home	Wilton Felder
B.B. King	Take It Home	Will Jennings
B.B. King	Sweet Sixteen (Version 2)	B.B. King
B.B. King	Sweet Sixteen (Version 2)	Joe Josea
B.B. King	Sweet Sixteen (Version 1)	B.B. King
B.B. King	Sweet Sixteen (Version 1)	Joe Josea
B.B. King	Sweet Little Angel (Version 2)	B.B. King
B.B. King	Sweet Little Angel (Version 2)	Jules Taub
B.B. King	Sweet Little Angel (Version 1)	B.B. King
B.B. King	Sweet Little Angel (Version 1)	Jules Taub
B.B. King	Sure We Had A Wonderful Time Last Night	Clause Demetrius
B.B. King	Sure We Had A Wonderful Time Last Night	Fleecie Moore
B.B. King	Sundown	probably Eddie "Son" House
B.B. King	Sugar Mama	Sonny Boy Williamson I (John Lee)
B.B. King	Street Life	Will Jennings
B.B. King	Street Life	Joe Sample
B.B. King	Stop Leadin' Me On	Hunt
B.B. King	Standing On The Edge	Jerry Williams
B.B. King	Spirit In The Dark	Aretha Franklin
B.B. King	Something You Got	Chris Kenner
B.B. King	Something Up My Sleeve	Arthur Adams
B.B. King	Someday Baby	Sam "Lightnin'" Hopkins or Lowell Fulson
B.B. King	Somebody Done Changed The Lock On My Door	William Weldon
B.B. King	Sneakin' Around	Jessie Mae Robinson
B.B. King	Slowly Losing My Mind	B.B. King
B.B. King	Slowly Losing My Mind	Ferdinand Washington
B.B. King	Sloppy Drunk	Jimmy Rogers
B.B. King	Since I Met You Baby (With Gary Moore)	Gary Moore
B.B. King	Since I Fell For You	Buddy Johnson
B.B. King	She's My Baby	B.B. King
B.B. King	She's Dynamite	B.B. King
B.B. King	Shake It Up And Go	B.B. King
B.B. King	Shake It Up And Go	Jules Bihari
B.B. King	Sell My Monkey	B.B. King
B.B. King	Second Hand Woman	Will Jennings
B.B. King	Second Hand Woman	Joe Sample
B.B. King	Saturday Night Fish Fry	E. Walsh
B.B. King	Saturday Night Fish Fry	Louis Jordan
B.B. King	Same Old Story (Same Old Song)	B.B. King
B.B. King	Rusty Dusty Blues (Mama Mama Blues)	J. Mayo Williams
B.B. King	Roll, Roll, Roll	Will Jennings
B.B. King	Roll, Roll, Roll	Joe Sample
B.B. King	Rock Me Baby	B.B. King
B.B. King	Rock Me Baby	Joe Josea
B.B. King	Riding With The King	John Hiatt
B.B. King	Recession Blues	B.B. King
B.B. King	Power Of The Blues	Pete Wingfield
B.B. King	Please Set A Date	Ernest Lawlers
B.B. King	Please Love Me	B.B. King
B.B. King	Please Love Me	Jules Taub
B.B. King	Please Accept My Love	B.B. King
B.B. King	Please Accept My Love	Sam Ling
B.B. King	Playing With My Friends	Robert Cray
B.B. King	Playing With My Friends	Dennis Walker
B.B. King	Peace To The World	Trade Martin
B.B. King	Peace Of Mind (Version 2)	Joe Josea
B.B. King	Peace Of Mind (Version 2)	B.B. King
B.B. King	Peace Of Mind (Version 1)	B.B. King
B.B. King	Peace Of Mind (Version 1)	Joe Josea
B.B. King	Paying The Cost To Be The Boss	B.B. King
B.B. King	Patches	George Jones
B.B. King	Patches	B.B. King
B.B. King	Part Time Love	Clay Hammond
B.B. King	One Of Those Nights	Troy Seals
B.B. King	One Of Those Nights	Conway Twitty
B.B. King	On My Word Honor	Katherine Harrison
B.B. King	On My Word Honor	Jean Miles
B.B. King	Nobody Knows You When You're Down And Out	Ida Cox
B.B. King	Niji Baby	B.B. King
B.B. King	Nightlife Please Send Me Someone To Love	Willie Nelson
B.B. King	Nightlife Please Send Me Someone To Love	Paul Buskirk
B.B. King	Nightlife Please Send Me Someone To Love	Walt Breeland
B.B. King	Night Life	Willie Nelson
B.B. King	Night Life	Paul Buskirk
B.B. King	Night Life	Walt Breeland
B.B. King	Never Trust A Woman	Bill Doggett
B.B. King	Never Trust A Woman	Louis Jordan
B.B. King	Never Make A Move Too Soon	Nesbert "Stix" Hooper
B.B. King	Never Make A Move Too Soon	Will Jennings
B.B. King	My Heart Belongs To You	J. Miles
B.B. King	My Heart Belongs To You	K. Harrison
B.B. King	My Gal Keeps Me Cryin'	Peter Chatman a.k.a. Memphis Slim
B.B. King	Mr. Pawnbroker	B.B. King
B.B. King	Mr. Pawnbroker	Jules Taub
B.B. King	Monday Woman	Willie Mabon
B.B. King	Midnight Believer	Will Jennings
B.B. King	Midnight Believer	Joe Sample
B.B. King	Mean Old World	Big Bill Broonzy
B.B. King	Mean And Evil	Arthur Adams
B.B. King	Marry You	Doyle Bramhall II
B.B. King	Marry You	Susannah Salvoin
B.B. King	Makin' Love Is Good For You	Tony Joe White
B.B. King	Make Love To Me	Allan Copeland
B.B. King	Make Love To Me	Paul Mares
B.B. King	Make Love To Me	Walter Melrose
B.B. King	Make Love To Me	Bill Norvas
B.B. King	Make Love To Me	Benny Pollock
B.B. King	Make Love To Me	Mel Stizel
B.B. King	Make Love To Me	George Brunies
B.B. King	Make Love To Me	Leon Roppolo (...that's all folks...)
B.B. King	Love Me Tender	Vera Matson
B.B. King	Love Me Tender	Elvis Presley
B.B. King	Long Nights	B.B. King
B.B. King	Long Nights	Jules Taub
B.B. King	Lets Straighten It Out	Benny Latimore
B.B. King	Lets Get Down To Business	B.B. King
B.B. King	Let The Good Times Roll (Version 2)	Fleecie Moore
B.B. King	Let The Good Times Roll (Version 2)	Sam Theard
B.B. King	Let The Good Times Roll (Version 1)	Fleecie Moore
B.B. King	Let The Good Times Roll (Version 1)	Sam Theard
B.B. King	Let Me Make You Cry A Little Longer	Will Jennings
B.B. King	Let Me Make You Cry A Little Longer	Joe Sample
B.B. King	Lay Another Log On The Fire	Knight
B.B. King	Knock Me A Kiss	Mike Jackson
B.B. King	Knock Me A Kiss	Andy Razaf
B.B. King	Key To The Highway	Big Bill Broonzy
B.B. King	Key To The Highway	Charles Segar
B.B. King	Key To My Kingdom	Davis
B.B. King	Key To My Kingdom	Joe Josea
B.B. King	Key To My Kingdom	Baum
B.B. King	Just A Little Love	B.B. King
B.B. King	Just A Dream	probably Big Bill Broonzy
B.B. King	Jack, You're Dead	Walter Bishop
B.B. King	Jack, You're Dead	Dick Miles
B.B. King	It's Still Called The Blues	Tony Joe White
B.B. King	It's My Own Fault	John Lee Hooker
B.B. King	It's A Great, Great Pleasure	Louis Jordan
B.B. King	It's A Great, Great Pleasure	William Tennyson Jr.
B.B. King	It Had To Be You	Isham Jones
B.B. King	It Had To Be You	Gus Kahn
B.B. King	Is You Is, Or Is You Ain't (My Baby)	Lovie Austin
B.B. King	Is You Is, Or Is You Ain't (My Baby)	Louis Jordan
B.B. King	Into The Night	Calvine Newborne
B.B. King	Inflation Blues	Alger "Texas" Alexander
B.B. King	Inflation Blues	Louis Jordan
B.B. King	Inflation Blues	T. Southern
B.B. King	If You Love Me	Van Morrison
B.B. King	If I Lost You	B.B. King
B.B. King	If I Lost You	Jules Taub
B.B. King	I Wonder Why	B.B. King
B.B. King	I Wonder Why	Joe Josea
B.B. King	I Was Blind	B.B. King
B.B. King	I Was Blind	Joe Josea
B.B. King	I Want You So Bad	B.B. King
B.B. King	I Wanna Be	Doyle Bramhall II
B.B. King	I Wanna Be	Charlie Sexton
B.B. King	I've Got Some Outside Help I Don't Need	McCrakin
B.B. King	I've Got Papers On You	B.B. King
B.B. King	I've Got Papers On You	Jules Taub
B.B. King	I've Got A Right To Love My Baby	B.B. King
B.B. King	I've Got A Right To Love My Baby	Sam Ling
B.B. King	I've Always Been Lonely	Will Jennings
B.B. King	I've Always Been Lonely	Joe Sample
B.B. King	I Stay In The Mood	B.B. King
B.B. King	I Stay In The Mood	Joe Josea
B.B. King	I Pity The Fool	Deadric Malone
B.B. King	I Need You Baby	B.B. King
B.B. King	I Need You Baby	Jules Taub
B.B. King	I'm Putting All My Eggs In One Basket	Irving Berlin
B.B. King	I'm Moving On	Will Jennings
B.B. King	I'm Moving On	Joe Sample
B.B. King	I'm King	B.B. King
B.B. King	I'm King	Jules Taub
B.B. King	I'm In the Wrong Business	A.C. Reed
B.B. King	(I'm Gonna) Quit My Baby	B.B. King
B.B. King	(I'm Gonna) Quit My Baby	Sam Ling
B.B. King	I'm Gonna Move To The Outskirts Of Town	Will Weldon
B.B. King	I'm Gonna Move To The Outskirts Of Town	possibly co-written with Andy Razaf
B.B. King	I'm Gonna Do What They Do To Me	B.B. King
B.B. King	I Love You So	B.B. King
B.B. King	I Love You So	Jules Taub
B.B. King	I'll Survive	B.B. King
B.B. King	I'll Survive	Sam Ling
B.B. King	I Like To Live The Love	Dave Crawford
B.B. King	I Like To Live The Love	Charles Mann
B.B. King	I Know	Barbara George
B.B. King	I Know What Your Putting Down	Bud Allen
B.B. King	I Know What Your Putting Down	Louis Jordan
B.B. King	I Just Can't Leave Your Love Alone	Will Jennings
B.B. King	I Just Can't Leave Your Love Alone	Joe Sample
B.B. King	I Gotta Move Out Of This Neighborhood	B.B. King
B.B. King	I Got To Leave This Woman	B.B. King
B.B. King	I Done Got Wise	B.B. King
B.B. King	I Don't Want You Cutting Off Your Hair	Johnson
B.B. King	I'd Be A Legend In My Time	Don Gibson
B.B. King	I Can't Stop Loving You	Don Gibson
B.B. King	I Can't Let You Go	B.B. King
B.B. King	Hummingbird	Leon Russell
B.B. King	How Blue Can You Get	Leonard Feather
B.B. King	Hold That Train	Joe Josea
B.B. King	Hold That Train	B.B. King
B.B. King	Hold On	Will Jennings
B.B. King	Hold On	Joe Sample
B.B. King	Hold On I'm Coming	Isaac Hayes
B.B. King	Hold On I'm Coming	David Porter
B.B. King	Help The Poor (Version 2)	Charlie Singleton
B.B. King	Help The Poor (Version 1)	Charlie Singleton
B.B. King	Heed My Warning	H. Bowman
B.B. King	Heed My Warning	Louis Jordan
B.B. King	Happy Birthday Blues	Will Jennings
B.B. King	Happy Birthday Blues	Joe Sample
B.B. King	Guess Who	Jesse Belvin
B.B. King	Growing Old	B.B. King
B.B. King	Growing Old	Sam Ling
B.B. King	Good Man Gone Bad	B.B. King
B.B. King	Good Man Gone Bad	Jules Taub
B.B. King	Gonna Keep On Loving You	B.B. King
B.B. King	Goin' Down Slow	James Burke Oden
B.B. King	Go Underground	Dave Clark
B.B. King	Go Underground	B.B. King
B.B. King	Go On	Jerry Williams
B.B. King	Glory Of Love	Billy Hill
B.B. King	Ghetto Woman	B.B. King
B.B. King	Ghetto Woman	Dave Clark
B.B. King	Get Off My Back Woman	B.B. King
B.B. King	Get Off My Back Woman	Ferdinand Washington
B.B. King	Get Myself Somebody	Maya Angelou
B.B. King	Get Myself Somebody	B.B. King
B.B. King	Gambler's Blues	B.B. King
B.B. King	Gambler's Blues	Johnny Pate
B.B. King	Freedom	Tommy Faragher
B.B. King	Freedom	Lotti Golden
B.B. King	Fools Get Wise	B.B. King
B.B. King	Fool Me Once	Will Jennings
B.B. King	Fool Me Once	Joe Sample
B.B. King	Five Long Years (Version 2)	Eddie Boyd
B.B. King	Five Long Years (Version 1)	Eddie Boyd
B.B. King	Feel Like A Million	B.B. King
B.B. King	Feel Like A Million	Jules Taub
B.B. King	Eyesight To The Blind	B.B. King
B.B. King	Everything I Do Is Wrong	B.B. King
B.B. King	Everything I Do Is Wrong	Jules Bihari
B.B. King	Everyday I Have The Blues (Version 3)	Peter Chatman a.k.a. Memphis Slim
B.B. King	Everyday I Have The Blues (Version 2)	Peter Chatman a.k.a. Memphis Slim
B.B. King	Everyday I Have The Blues (Version 1)	Peter Chatman a.k.a. Memphis Slim
B.B. King	Everybody's Had The Blues	Joe Louis Walker
B.B. King	Early In The Morning (Version 2)	Dallas Bartley
B.B. King	Early In The Morning (Version 2)	L. Hickman
B.B. King	Early In The Morning (Version 2)	Louis Jordan
B.B. King	Early In The Morning (Version 1)	Dallas Bartley
B.B. King	Early In The Morning (Version 1)	L. Hickman
B.B. King	Early In The Morning (Version 1)	Louis Jordan
B.B. King	Early Every Morning	B.B. King
B.B. King	Early Every Morning	Joe Josea
B.B. King	Drowning In The Sea Of Love	Kenneth Gamble
B.B. King	Drowning In The Sea Of Love	Leon Huff
B.B. King	Driving Wheel	B.B. King
B.B. King	Driving Wheel	Jules Taub
B.B. King	Down Now	B.B. King
B.B. King	Down Now	Jules Taub
B.B. King	Don't Look Now But I've Got The Blues	Lee Hazlewood
B.B. King	Don't Go No Farther	B.B. King
B.B. King	Don't Get Around Much Anymore	Duke Ellington
B.B. King	Don't Get Around Much Anymore	Bob Russell
B.B. King	Don't Change On Me	Holiday
B.B. King	Don't Change On Me	Reeves
B.B. King	Don't Answer The Door	James Johnson
B.B. King	Did You Ever Love A Woman	B.B. King
B.B. King	Did You Ever Love A Woman	Jules Taub
B.B. King	Days Of Old (Version 2)	B.B. King
B.B. King	Days Of Old (Version 2)	Jules Taub
B.B. King	Days Of Old (Version 1)	B.B. King
B.B. King	Days Of Old (Version 1)	Jules Taub
B.B. King	Darling What Happened	B.B. King
B.B. King	Darlin' You Know I Love You	B.B. King
B.B. King	Darlin' You Know I Love You	Jules Bihari
B.B. King	Dark Is The Night	B.B. King
B.B. King	Dark Is The Night	Jules Taub
B.B. King	Dark Is The Night	Davis
B.B. King	Cryin' Won't Help You	Hudson Whittaker a.k.a. Tampa Red
B.B. King	Confessin' The Blues	Walter Brown
B.B. King	Confessin' The Blues	Jay McShann
B.B. King	Come Rain Or Come Shine	probably Johnny Mercer
B.B. King	Come Rain Or Come Shine	Harold Arlen
B.B. King	Choo Choo Ch'Boogie	Denver Darling
B.B. King	Choo Choo Ch'Boogie	Milton Gabler
B.B. King	Choo Choo Ch'Boogie	Vaughn Horton
B.B. King	Change In Your Loving	Joe Amato
B.B. King	Change In Your Loving	Trade Martin
B.B. King	Chains And Things	B.B. King
B.B. King	Chains And Things	Dave Clark
B.B. King	Caught A Touch Of Your Love	Craig Bickhart
B.B. King	Caught A Touch Of Your Love	John Best
B.B. King	Caught A Touch Of Your Love	J. Keller
B.B. King	Catfish Blues	B.B. King
B.B. King	Catfish Blues	Joe Josea
B.B. King	Can't Get Enough	Jerry Williams
B.B. King	Call It Stormy Monday (With Albert Collins)	Aaron T. Walker
B.B. King	Caldonia (Version 2)	Fleecie Moore
B.B. King	Caldonia (Version 1)	Fleecie Moore
B.B. King	Buzz Me (Version 2)	Baxter
B.B. King	Buzz Me (Version 2)	Fleecie Moore
B.B. King	Buzz Me (Version 1)	Baxter
B.B. King	Buzz Me (Version 1)	Fleecie Moore
B.B. King	Business With My Baby Tonight	Martin
B.B. King	Business With My Baby Tonight	Rubin
B.B. King	Broken Promise	B.B. King
B.B. King	Broken Promise	Sam Ling
B.B. King	Broken Heart	B.B. King
B.B. King	Blues Stay Away	B.B. King
B.B. King	Blues Man	B.B. King
B.B. King	Blues In G	B.B. King
B.B. King	Blues At Midnight	Ivory Joe Hunter
B.B. King	Blue Shadows	Glenn
B.B. King	Blind Love	B.B. King
B.B. King	Blind Love	Jules Taub
B.B. King	Beware, Brother, Beware	Adams
B.B. King	Beware, Brother, Beware	Lasco
B.B. King	Beware, Brother, Beware	Fleecie Moore
B.B. King	Better Not Look Down	Will Jennings
B.B. King	Better Not Look Down	Joe Sample
B.B. King	Beautician Blues	B.B. King
B.B. King	Be Careful With A Fool	B.B. King
B.B. King	Be Careful With A Fool	Joe Josea
B.B. King	Bad Luck	B.B. King
B.B. King	Bad Luck	Joe Josea
B.B. King	Bad Case Of Love	B.B. King
B.B. King	Back In L.A.	Will Jennings
B.B. King	Back In L.A.	Joe Sample
B.B. King	Baby Look At You	y B.B. King
B.B. King	Baby Look At You	Joe Josea
B.B. King	Baby Get Lost	Leonard Feather
B.B. King	B.B.'s Blues	B.B. King
B.B. King	B.B.'s Blues	Branford Marsalis
B.B. King	At Last	Mack Gordon
B.B. King	At Last	Harry Warren
B.B. King	Ask Me No Questions	B.B. King
B.B. King	All You Ever Give Me Is The Blues	probably Jon Tiven
B.B. King	All You Ever Give Me Is The Blues	Sally Tiven
B.B. King	All You Ever Give Me Is The Blues	Gary Nicholson
B.B. King	All Over Again	B.B. King
B.B. King	All Over Again	Adams
B.B. King	Ain't That Just Like A Woman	Claude Demetrius
B.B. King	Ain't That Just Like A Woman	Fleecie Moore
B.B. King	Ain't Nobody's Bizness (Version 2)	Porter Grainger
B.B. King	Ain't Nobody's Bizness (Version 2)	Everett Robbins
B.B. King	Ain't Nobody's Bizness (Version 1)	Porter Grainger
B.B. King	Ain't Nobody's Bizness (Version 1)	Everett Robbins
B.B. King	Ain't Nobody Like My Baby	B.B. King
B.B. King	Ain't Nobody Home	Jerry Ragovoy
B.B. King	Ain't Nobody Here But Us Chickens	Alex Kramer
B.B. King	Ain't Nobody Here But Us Chickens	Joan Whitney
B.B. King	Ain't Gonna Worry My Life Anymore	B.B. King
B.B. King	Actions Speak Louder Than Words	B.B. King
B.B. King	A World I Never Made	Doc Pomus
B.B. King	A World I Never Made	Mac Rebennack
B.B. King	A World Full Of Strangers	Will Jennings
B.B. King	A World Full Of Strangers	Joe Sample
B.B. King	A Whole Lot Of Lovin'	Joe Josea
B.B. King	A Whole Lot Of Lovin'	Maxwell Davis
B.B. King	A Story Everybody Knows	Nesbert "Stix" Hooper
B.B. King	A Story Everybody Knows	Will Jennings
Bessie Smith	Young Woman's Blues	Bessie Smith
Bessie Smith	You've Got To Give Me Some	Spencer Williams
Bessie Smith	Yodling Blues	Hill
Bessie Smith	Yodling Blues	Williams
Bessie Smith	Wild About That Thing	Spencer Williams
Bessie Smith	Whoa, Tillie, Take Your Time	Turner Layton
Bessie Smith	Whoa, Tillie, Take Your Time	Henry Creamer
Bessie Smith	Wasted Life Blues	Bessie Smith
Bessie Smith	Thinking Blues	Bessie Smith
Bessie Smith	Take Me For A Buggy Ride	Leola P. Wilson
Bessie Smith	Take Me For A Buggy Ride	Wesley Wilson
Bessie Smith	'T Ain't Nobody's Bizness If I Do	Porter Grainger
Bessie Smith	'T Ain't Nobody's Bizness If I Do	Everett Robbins
Bessie Smith	Standin' In The Rain Blues	Bessie Smith
Bessie Smith	St. Louis Gal	Robinson
Bessie Smith	St. Louis Blues	W.C. Handy
Bessie Smith	Squeeze Me	Thomas "Fats" Waller
Bessie Smith	Squeeze Me	Clarence Williams
Bessie Smith	Sorrowful Blues	J.C. Johnson
Bessie Smith	Sorrowful Blues	Bessie Smith
Bessie Smith	Shipwreck Blues	Bessie Smith
Bessie Smith	Send Me To The 'Lectric Chair	George Brooks
Bessie Smith	Sam Jones Blues	Bernard
Bessie Smith	Sam Jones Blues	Robinson
Bessie Smith	Sam Jones Blues	Roy Turk
Bessie Smith	Safety Mama	Bessie Smith
Bessie Smith	Reckless Blues	Bessie Smith
Bessie Smith	Put It Right Here (Or Keep It Out There)	Porter Grainger
Bessie Smith	Preachin' The Blues	Bessie Smith
Bessie Smith	Pinchbacks - Take 'Em Away	Bessie Smith
Bessie Smith	Pinchbacks - Take 'Em Away	Irving Johns
Bessie Smith	Pickpocket Blues	Bessie Smith
Bessie Smith	Outside Of That	Trent
Bessie Smith	Outside Of That	Williams
Bessie Smith	Oh Daddy Blues	Elisha Herbert
Bessie Smith	Oh Daddy Blues	W. Russell
Bessie Smith	Nobody In Town Can Bake A Sweet Jelly Roll Like Mine	Clarence Williams
Bessie Smith	Nobody In Town Can Bake A Sweet Jelly Roll Like Mine	Spencer Williams
Bessie Smith	New Orleans Hop Scop Blues	George W. Thomas
Bessie Smith	My Sweetie Went Away	Handman
Bessie Smith	My Sweetie Went Away	Roy Turk
Bessie Smith	My Man Blues	Bessie Smith
Bessie Smith	Mistreating Daddy	Porter Grainger
Bessie Smith	Mistreating Daddy	B. Ricketts
Bessie Smith	Mean Old Bed Bug Blues	Wood
Bessie Smith	Mama's Got The Blues	Martin
Bessie Smith	Mama's Got The Blues	Williams
Bessie Smith	Lost Your Head Blues	Bessie Smith
Bessie Smith	Lady Luck Blues	Weber
Bessie Smith	Lady Luck Blues	Williams
Bessie Smith	Keeps On A-Rainin'	Max Kortlander
Bessie Smith	Keeps On A-Rainin'	Williams
Bessie Smith	Keep It To Yourself	Clarence Williams
Bessie Smith	Jailhouse Blues	Bessie Smith
Bessie Smith	Jailhouse Blues	Clarence Williams
Bessie Smith	It Makes My Love Come Down	Bessie Smith
Bessie Smith	If You Don't, I Know Who Will	Brymn
Bessie Smith	If You Don't, I Know Who Will	Bessie Smith
Bessie Smith	If You Don't, I Know Who Will	Williams
Bessie Smith	I Need A Little Sugar In My Bowl	Brymn
Bessie Smith	I Need A Little Sugar In My Bowl	Small
Bessie Smith	I Need A Little Sugar In My Bowl	Williams
Bessie Smith	I'm Going Back To My Used To Be	J. Cox
Bessie Smith	I Ain't Got Nobody	Graham
Bessie Smith	I Ain't Got Nobody	Clarence Williams
Bessie Smith	I Ain't Got Nobody	Spencer Williams
Bessie Smith	Hard Time Blues	J.C. Johnson
Bessie Smith	Hard Time Blues	Ida Cox
Bessie Smith	Gulf Coast Blues	Clarence Williams
Bessie Smith	Gimme A Pigfoot And A Bottle Of Beer	Wesley Wilson
Bessie Smith	Frosty Morning	E. Brown
Bessie Smith	Foolish Man Blues	Bessie Smith
Bessie Smith	Empty Bed Blues	J. C. Johnson
Bessie Smith	Eavesdropper's Blues	J.C. Johnson
Bessie Smith	Downhearted Blues	Lovie Austin
Bessie Smith	Downhearted Blues	Alberta Hunter
Bessie Smith	Dirty No-Gooder's Blues	Bessie Smith
Bessie Smith	Devil's Gonna Git You	Porter Grainger
Bessie Smith	Chicago Bound Blues	Lovie Austin
Bessie Smith	Cemetery Blues	S. Loney
Bessie Smith	Cemetery Blues	Spencer Williams
Bessie Smith	Cake Walking Babies From Home	Chris Smith
Bessie Smith	Cake Walking Babies From Home	Harold Troy
Bessie Smith	Cake Walking Babies From Home	Clarence Williams
Bessie Smith	Boweavil Blues	Lovie Austin
Bessie Smith	Boweavil Blues	Ma Rainey
Bessie Smith	Bleeding Hearted Blues	Lovie Austin
Bessie Smith	Beale Street Mama	Robinson
Bessie Smith	Beale Street Mama	Roy Turk
Bessie Smith	Backwater Blues Version 2	Bessie Smith
Bessie Smith	Backwater Blues Version 1	Bessie Smith
Bessie Smith	Baby Won't You Please Come Home	Clarence Williams
Bessie Smith	Baby Won't You Please Come Home	Charles Warfield
Bessie Smith	Baby Doll	Bessie Smith
Bessie Smith	Baby Doll	Webman
Bessie Smith	At The Christmas Ball	Fred Longshaw
Bessie Smith	Ain't Gonna Play No 2nd Fiddle	Perry Bradford
Bessie Smith	Aggravatin' Papa	Britt
Bessie Smith	Aggravatin' Papa	Robinson
Bessie Smith	Aggravatin' Papa	Roy Turk
Bessie Smith	After You've Gone	Henry Creamer
Bessie Smith	After You've Gone	Turner Layton
Big Maceo Merriweather	Why Should I Hang Around	Big Maceo Merriweather
Big Maceo Merriweather	Some Sweet Day	Sara Martin
Big Maceo Merriweather	Some Sweet Day	Richard M. Jones
Big Maceo Merriweather	So Long Baby	Big Maceo Merriweather
Big Maceo Merriweather	Since You Been Gone	Big Maceo Merriweather
Big Maceo Merriweather	Poor Kelly Blues	Big Maceo Merriweather
Big Maceo Merriweather	My Last Go Around	Dan Howell
Big Maceo Merriweather	It's All Up To You	Big Maceo Merriweather
Big Maceo Merriweather	I Got The Blues	Big Maceo Merriweather
Big Maceo Merriweather	County Jail Blues	Alfred Fields
Big Maceo Merriweather	Can't You Read	Big Maceo Merriweather
Big Maceo Merriweather	Bye Bye, Baby Blues	Blues by Big Maceo Merriweather
Big Maceo Merriweather	Anytime For You	Dan Howell
Blind Lemon Jefferson	That Crawling Baby Blues	probably Blind Lemon Jefferson
Blind Lemon Jefferson	That Black Snake Moan	Blind Lemon Jefferson
Blind Lemon Jefferson	Shuckin' Sugar Blues	Blind Lemon Jefferson
Blind Lemon Jefferson	Rising High Water Blues	Blind Lemon Jefferson
Blind Lemon Jefferson	Prison Cell Blues	Blind Lemon Jefferson
Blind Lemon Jefferson	Pneumonia Blues	probably Blind Lemon Jefferson
Blind Lemon Jefferson	One Kind Favor	Blind Lemon Jefferson
Blind Lemon Jefferson	Mosquito Moan	probably Blind Lemon Jefferson
Blind Lemon Jefferson	Long Distance Moan	Blind Lemon Jefferson
Blind Lemon Jefferson	Lonesome House Blues	Blind Lemon Jefferson
Blind Lemon Jefferson	'Lectric Chair Blues	Blind Lemon Jefferson
Blind Lemon Jefferson	Hangman's Blues	Blind Lemon Jefferson
Blind Lemon Jefferson	Change My Luck Blues	Blind Lemon Jefferson
Blind Lemon Jefferson	Big Night Blues	probably Blind Lemon Jefferson
Bo Diddley	You Can't Judge A Book By It's Cover	Willie Dixon
Bo Diddley	Who Do You Love	Ellas McDaniel a.k.a. Bo Diddley
Bo Diddley	She's Alright	Ellas McDaniel a.k.a. Bo Diddley
Bo Diddley	Say Man	Ellas McDaniel a.k.a. Bo Diddley
Bo Diddley	Road Runner	Ellas McDaniel a.k.a. Bo Diddley
Bo Diddley	Pretty Thing (version 2)	Willie Dixon
Bo Diddley	Pretty Thing (version 1)	Willie Dixon
Bo Diddley	Ooh Baby	Ellas McDaniel a.k.a. Bo Diddley
Bo Diddley	I'm Sorry	Ellas McDaniel a.k.a. Bo Diddley
Bo Diddley	I'm Sorry	Harvey Fuqua
Bo Diddley	I'm Sorry	Alan Freed
Bo Diddley	I'm Looking For AWoman	Ellas McDaniel a.k.a. Bo Diddley
Bo Diddley	I'm A Man	Ellas McDaniel a.k.a. Bo Diddley
Bo Diddley	Hush Your Mouth	Ellas McDaniel a.k.a. Bo Diddley
Bo Diddley	Hey, Bo Diddley	Ellas McDaniel a.k.a. Bo Diddley
Bo Diddley	Diddley Daddy	Ellas McDaniel a.k.a. Bo Diddley
Bo Diddley	Diddley Daddy	Harvey Fuqua
Bo Diddley	Dearest Darling	Ellas McDaniel a.k.a. Bo Diddley
Bo Diddley	Bring It To Jerome	Jerome Green
Bo Diddley	Bo Diddley (version 2)	Ellas McDaniel a.k.a. Bo Diddley
Bo Diddley	Bo Diddley (version 1)	Ellas McDaniel a.k.a. Bo Diddley
Bo Diddley	Bo Diddley's A Gunslinger	Ellas McDaniel a.k.a. Bo Diddley
Bo Diddley	Before You Accuse Me	Ellas McDaniel a.k.a. Bo Diddley
Clara Smith	Waitin' For The Evenin' Mail	Baskette
Clara Smith	Shipwrecked Blues	Spencer Williams
Clara Smith	Prescription For The Blues	Porter Grainger
Clara Smith	I Never Miss The Sunshine (I'm So Used To The Rain)	Harvey
Clara Smith	Don't Never Tell Nobody	(probably James P.) Johnson
Clara Smith	Awful Moanin' Blues	Stanley Miller
Freddie King	You Were Wrong	Hill
Freddie King	You've Got To Love Her With A Feeling	Freddie King
Freddie King	That's What You Think	Margaret Whitfield
Freddie King	That's What You Think	Washington
Freddie King	Sugar Sweet	Mel London
Freddie King	See See Baby	Freddie King
Freddie King	See See Baby	Sonny Thompson
Freddie King	Pack It Up	G. Chandler
Freddie King	Pack It Up	Gonzales
Freddie King	My Feeling For The Blues	Freddie King
Freddie King	My Feeling For The Blues	Curtis Ousley
Freddie King	Lonesome Whistle Blues	Toombs
Freddie King	Lonesome Whistle Blues	Teat
Freddie King	Lonesome Whistle Blues	Moore
Freddie King	Living In The Palace Of The King	Freddie King
Freddie King	It's Too Bad Things Are Going So Tough	Freddie King
Freddie King	I'm Tore Down	Freddie King
Freddie King	I'm Tore Down	Sonny Thompson
Freddie King	I'm Tore Down	Willie Bridges
Freddie King	I Love The Woman	Billy Myles
Freddie King	I Love The Woman	Nath
Freddie King	Have You Ever Loved A Woman	Billy Myles
Freddie King	Country Boy	Margaret Whitfield
Freddie King	Big Legged Women	Tolbert
Freddie King	Ain't Nobody's Business	Porter Granger
Freddie King	Ain't Nobody's Business	Porter Grainger
Freddie King	Ain't Nobody's Business	Robbins
Gary Moore	The Sky Is Crying	Elmore James
Gary Moore	The Sky Is Crying	Lewis
Gary Moore	The Sky Is Crying	Robinson
Gary Moore	Texas Strut	Gary Moore
Gary Moore	Stop Messin' Around	Peter Green
Gary Moore	Still Got The Blues	Gary Moore
Gary Moore	Showbiz Blues	Peter Green
Gary Moore	Merry Go Round	Peter Green
Gary Moore	Love That Burns	Peter Green
Gary Moore	Love That Burns	C.G. Adams
Gary Moore	Looking For Somebody	Peter Green
Gary Moore	I Loved Another Woman	Peter Green
Gary Moore	Further On Up the Road	Joe Medwick
Gary Moore	Further On Up the Road	Robey
Gary Moore	Driftin'	Peter Green
Gary Moore	City Of Gold	Jack Bruce
Gary Moore	City Of Gold	Gary Moore
Gary Moore	City Of Gold	Kip Hanrahan
Gary Moore	As The Years Go Passing By	Dan Malone
George Thorogood	You Talk Too Much	George Thorogood
George Thorogood	You Got To Lose	Earl Hooker
George Thorogood	Six Days On The Road	Green
George Thorogood	Six Days On The Road	Montgomery
George Thorogood	One Bourbon, One Scotch, One Beer	John Lee Hooker
George Thorogood	Night Time	Feldman
George Thorogood	Night Time	Goldstein
George Thorogood	Move It On Over	Hank Williams
George Thorogood	Madison Blues	Elmore James
George Thorogood	Louie To Frisco	Chuck Berry
George Thorogood	Long Gone	George Thorogood
George Thorogood	I'm Ready	Willie Dixon
George Thorogood	Get A Haircut	David Avery
George Thorogood	Gear Jammer	George Thorogood
George Thorogood	Cocaine Blues	T.J. Amall
George Thorogood	Can't Stop Lovin'	Elmore James
George Thorogood	Can't Stop Lovin'	Jules Taub
George Thorogood	Bad To The Bone	George Thorogood
Howlin' Wolf	You Gonna Wreck My Life	Chester Burnett a.k.a. Howlin' Wolf
Howlin' Wolf	You Can't Be Beat	Chester Burnett a.k.a. Howlin' Wolf
Howlin' Wolf	Work For Your Money	Chester Burnett a.k.a. Howlin' Wolf
Howlin' Wolf	Who Will Be Next	Chester Burnett a.k.a. Howlin' Wolf
Howlin' Wolf	Who's Been Talkin'	Chester Burnett a.k.a. Howlin' Wolf
Howlin' Wolf	Wang Dang Doodle	Willie Dixon
Howlin' Wolf	Three Hundred Pounds Of Joy	Willie Dixon , arranged by Chester Burnett a.k.a. Howlin' Wolf
Howlin' Wolf	The Red Rooster	Willie Dixon
Howlin' Wolf	The Red Rooster	Chester Burnett a.k.a. Howlin' Wolf
Howlin' Wolf	Tell Me What I've Done	Chester Burnett a.k.a. Howlin' Wolf
Howlin' Wolf	Tail Dragger	Willie Dixon
Howlin' Wolf	Spoonful	Willie Dixon
Howlin' Wolf	Smokestack Lightnin'	Chester Burnett a.k.a. Howlin' Wolf
Howlin' Wolf	Sittin' On Top Of The World	Chester Burnett a.k.a. Howlin' Wolf
Howlin' Wolf	Shake For Me	Willie Dixon
Howlin' Wolf	Rockin' Daddy	Chester Burnett a.k.a. Howlin' Wolf
Howlin' Wolf	Ooh Baby (Hold Me)	Chester Burnett a.k.a. Howlin' Wolf
Howlin' Wolf	Oh Red! (Take 2)	Chester Burnett a.k.a. Howlin' Wolf
Howlin' Wolf	Nature	Chester Burnett a.k.a. Howlin' Wolf
Howlin' Wolf	Natchez Burning	Chester Burnett a.k.a. Howlin' Wolf
Howlin' Wolf	My Last Affair (Take 1)	Chester Burnett a.k.a. Howlin' Wolf
Howlin' Wolf	(My Country) Sugar Mama	Chester Burnett a.k.a. Howlin' Wolf
Howlin' Wolf	My Baby Walked Off	Chester Burnett a.k.a. Howlin' Wolf
Howlin' Wolf	Mr. Airplane Man	Chester Burnett a.k.a. Howlin' Wolf
Howlin' Wolf	Little Baby	Willie Dixon
Howlin' Wolf	Just My Kind	Chester Burnett a.k.a. Howlin' Wolf
Howlin' Wolf	I've Been Abused	Chester Burnett a.k.a. Howlin' Wolf
Howlin' Wolf	I'm The Wolf	Chester Burnett a.k.a. Howlin' Wolf
Howlin' Wolf	I'm Leavin' You	Chester Burnett a.k.a. Howlin' Wolf
Howlin' Wolf	I'll Be Around	Chester Burnett a.k.a. Howlin' Wolf
Howlin' Wolf	I Didn't Know	Chester Burnett a.k.a. Howlin' Wolf
Howlin' Wolf	I Asked For Water	Chester Burnett a.k.a. Howlin' Wolf
Howlin' Wolf	I Ain't Superstitious	Willie Dixon
Howlin' Wolf	Howlin' For My Baby	Willie Dixon
Howlin' Wolf	How Many More Years	Chester Burnett a.k.a. Howlin' Wolf
Howlin' Wolf	Going Down Slow	James Burke Oden
Howlin' Wolf	Forty Four	Chester Burnett a.k.a. Howlin' Wolf
Howlin' Wolf	Evil	Chester Burnett a.k.a. Howlin' Wolf
Howlin' Wolf	Down In The Bottom	Willie Dixon
Howlin' Wolf	Dorothy Mae	Chester Burnett a.k.a. Howlin' Wolf
Howlin' Wolf	Decoration Day	Chester Burnett a.k.a. Howlin' Wolf
Howlin' Wolf	Change My Way	Chester Burnett a.k.a. Howlin' Wolf
Howlin' Wolf	Cadillac Daddy (Mr. Highway Man)	Chester Burnett a.k.a. Howlin' Wolf
Howlin' Wolf	Built For Comfort	Willie Dixon , arranged by Chester Burnett a.k.a. Howlin' Wolf
Howlin' Wolf	Bluebird Blues	John Lee Williamson
Howlin' Wolf	Baby, How Long	Chester Burnett a.k.a. Howlin' Wolf
Ida Cox	Wild WomenDon't Have The Blues	Ida Cox
Ida Cox	Take Him Off My Mind	Porter Grainger
Ida Cox	Pink Slip Blues	Porter Grainger
Ida Cox	One Hour Mama	Ida Cox
Ida Cox	Lovin' Is The Thing I'm Wild About	Ida Cox
Ida Cox	Lovin' Is The Thing I'm Wild About	Lovie Austin
Ida Cox	Last Mile Blues	Ida Cox
Ida Cox	Last Mile Blues	Jessy Crump
Ida Cox	Last Mile Blues	Glascoe(?)
Ida Cox	Ida Cox's Lawdy Lawdy Blues	Ida Cox
Ida Cox	Hard Time Blues	J.C. Johnson
Ida Cox	Hard Time Blues	Ida Cox
Ida Cox	Graveyard Dream Blues	Ida Cox
Ida Cox	Four Day Creep	Ida Cox
Ida Cox	Death Letter Blues	Ida Cox
Ida Cox	Death Letter Blues	Jessy Crump
Ida Cox	Cherry Picking Blues	Ida Cox
Ida Cox	Bama Bound Blues	Ida Cox
Ida Cox	Bama Bound Blues	Lovie Austin
Ida Cox	Any Woman's Blues	Lovie Austin
Janis Joplin	Winin' Boy	Jelly Roll Morton
Janis Joplin	What Good Can Drinkin' Do	Janis Joplin
Janis Joplin	Walk Right In	Gus Cannon
Janis Joplin	Walk Right In	Hosea Woods
Janis Joplin	Walk Right In	Erik Darling
Janis Joplin	Walk Right In	Willard Hooker Svanoe
Janis Joplin	Turtle Blues	Janis Joplin
Janis Joplin	Trouble In Mind	Richard M. Jones
Janis Joplin	See See Rider	Gertrude 'Ma' Rainey
Janis Joplin	No Reason For Livin'	Janis Joplin
Janis Joplin	Moanin' At Midnight	Chester Burnett a.k.a. Howlin' Wolf
Janis Joplin	Kansas City Blues	C. Parker
Janis Joplin	Hey Baby	Peter Albin
Janis Joplin	Hey Baby	Sam Andrew
Janis Joplin	Hey Baby	Dave Getz
Janis Joplin	Hey Baby	James Gurley
Janis Joplin	Hey Baby	Janis Joplin
Janis Joplin	Ego Rock	Nick Gravenites
Janis Joplin	Ego Rock	Janis Joplin
Janis Joplin	Daddy, Daddy, Daddy	Janis Joplin
Janis Joplin	Blindman	Peter Albin
Janis Joplin	Blindman	Sam Andrew
Janis Joplin	Blindman	Dave Getz
Janis Joplin	Blindman	James Gurley
Janis Joplin	Blindman	Janis Joplin
Janis Joplin	Black Mountain Blues	H. Cole
Janis Joplin	Ball And Chain	Willie Mae Thornton a.k.a. Big Mama Thornton
Jimmy Witherspoon	Money's Gettin' Cheaper	Jimmy Witherspoon
Jimmy Witherspoon	Kansas City	Jerry Leiber
Jimmy Witherspoon	Kansas City	Mike Stoller
Jimmy Witherspoon	I've Been Treated Wrong	Robert Brown
Jimmy Witherspoon	How Long Blues	Leroy Carr
Jimmy Witherspoon	Grab Me A Freight	Larraine Walton
Jimmy Witherspoon	Drinking Beer	Jimmy Witherspoon
Jimmy Witherspoon	Don't Let Go	Jesse Stone
Jimmy Witherspoon	Cane River	Jimmy Witherspoon
John Lee Hooker	Wobblin' Baby	John Lee Hooker
John Lee Hooker	Weepin' Willow Boogie	John Lee Hooker
John Lee Hooker	Weepin' Willow Boogie	Bernard Besman
John Lee Hooker	(The) Waterfront	John Lee Hooker
John Lee Hooker	Want Ad Blues	John Lee Hooker
John Lee Hooker	Wandering Blues	John Lee Hooker
John Lee Hooker	Tupelo	John Lee Hooker
John Lee Hooker	This Is Hip	John Lee Hooker
John Lee Hooker	Think Twice Before You Go	John Lee Hooker
John Lee Hooker	The Healer	John Lee Hooker
John Lee Hooker	That's Alright	John Lee Hooker
John Lee Hooker	Send Me Your Pillow	John Lee Hooker
John Lee Hooker	Sally Mae	John Lee Hooker
John Lee Hooker	Rockin' Chair	John Lee Hooker
John Lee Hooker	Rock Me, Mama	John Lee Hooker
John Lee Hooker	Rock Me, Mama	Bernard Besman
John Lee Hooker	Redhouse	John Lee Hooker
John Lee Hooker	Queen Bee	John Lee Hooker
John Lee Hooker	Queen Bee	Bernard Besman
John Lee Hooker	Process	John Lee Hooker
John Lee Hooker	Please Don't Go	McKinley Morganfield a.k.a. Muddy Waters
John Lee Hooker	Pea Vine Special	Charley Patton , arranged by John Lee Hooker
John Lee Hooker	No Substitute	John Lee Hooker
John Lee Hooker	No More Doggin'	John Lee Hooker
John Lee Hooker	My First Wife Left Me	John Lee Hooker
John Lee Hooker	My Dream	John Lee Hooker
John Lee Hooker	Maudie (Version 2)	John Lee Hooker
John Lee Hooker	Maudie (Version 1)	John Lee Hooker
John Lee Hooker	Little Wheel	John Lee Hooker
John Lee Hooker	Let's Talk It Over	John Lee Hooker
John Lee Hooker	Let's Talk It Over	Bernard Besman
John Lee Hooker	Let's Make It	John Lee Hooker
John Lee Hooker	Kick Hit 4 Hit Kix U (Blues For Jimi And Janis)	John Lee Hooker
John Lee Hooker	John L's House Rent Boogie	John Lee Hooker
John Lee Hooker	John L's House Rent Boogie	Bernard Besman
John Lee Hooker	It's You I Love Baby	John Lee Hooker
John Lee Hooker	It's My Own Fault Darlin'	John Lee Hooker
John Lee Hooker	It Hurts Me So	John Lee Hooker
John Lee Hooker	It Hurts Me So	Bernard Besman
John Lee Hooker	In The Mood	John Lee Hooker
John Lee Hooker	In The Mood	Bernard Bessman
John Lee Hooker	I Put My Trust On You	John Lee Hooker
John Lee Hooker	I Need Some Money	John Lee Hooker
John Lee Hooker	I'm Wanderin'	John Lee Hooker
John Lee Hooker	I'mMad Again	John Lee Hooker
John Lee Hooker	I'mLeaving Baby	John Lee Hooker
John Lee Hooker	I'mIn The Mood (Version 2)	John Lee Hooker
John Lee Hooker	I'mIn The Mood (Version 2)	Bernard Bessman
John Lee Hooker	I'mIn The Mood (Version 1)	John Lee Hooker
John Lee Hooker	I'mIn The Mood (Version 1)	Bernard Bessman
John Lee Hooker	I'mGonna Gonna Git Me A Woman	John Lee Hooker
John Lee Hooker	I'mGoing Upstairs	John Lee Hooker
John Lee Hooker	I'll Never Trust Your Love Again	John Lee Hooker
John Lee Hooker	I Got The Key (Key To The Highway)	John Lee Hooker
John Lee Hooker	I Got The Key (Key To The Highway)	Bernard Besman
John Lee Hooker	How Can You Do It?	John Lee Hooker
John Lee Hooker	Hobo Blues	John Lee Hooker
John Lee Hooker	Hello Baby (Do You Remember Me?)	John Lee Hooker
John Lee Hooker	Hello Baby (Do You Remember Me?)	Bernard Besman
John Lee Hooker	Groundhog Blues	John Lee Hooker
John Lee Hooker	Good Mornin' Lil' School Girl	Sonny Boy Williamson II (Rice Miller) , arranged by John Lee Hooker
John Lee Hooker	Frisco Blues	John Lee Hooker
John Lee Hooker	Down At The Landing	John Lee Hooker
John Lee Hooker	Dimples	John Lee Hooker
John Lee Hooker	Dimples	Jimmy Bracken
John Lee Hooker	Democrat Man	John Lee Hooker
John Lee Hooker	Cuttin' Out	John Lee Hooker
John Lee Hooker	Crawlin' Kingsnake	Bernard Bessman
John Lee Hooker	Crawlin' Kingsnake	John Lee Hooker
John Lee Hooker	Crawlin' Black Spider	John Lee Hooker
John Lee Hooker	Cold Chills All Over Me	John Lee Hooker
John Lee Hooker	Cold Chills All Over Me	Bernard Besman
John Lee Hooker	Church Bell Tone	John Lee Hooker
John Lee Hooker	Bundle Up And Go	John Lee Hooker
John Lee Hooker	Boom Boom	John Lee Hooker
John Lee Hooker	Baby, Boogie Chillun	John Lee Hooker
John Lee Hooker	Baby, Blues Before Sunrise (Version 2)	John Lee Hooker
John Lee Hooker	Baby, Blues Before Sunrise (Version 1)	Leroy Carr
John Lee Hooker	Bluebird	John Lee Hooker
John Lee Hooker	Baby, Baby Lee (Version 2)	John Lee Hooker
John Lee Hooker	Baby, Baby Lee (Version 2)	James Bracken
John Lee Hooker	Baby, Baby Lee (Version 1)	John Lee Hooker
John Lee Hooker	Baby, Baby Lee (Version 1)	James Bracken
John Mayall's Bluesbreakers	What'd I Say	Ray Charles
John Mayall's Bluesbreakers	Took The Car	John Mayall
John Mayall's Bluesbreakers	Ridin' On The L&N	Burley
John Mayall's Bluesbreakers	Ridin' On The L&N	Hampton
John Mayall's Bluesbreakers	Ramblin' On My Mind	Robert Johnson
John Mayall's Bluesbreakers	Parchman Farm	Mose Allison
John Mayall's Bluesbreakers	My Pretty Girl	John Mayall
John Mayall's Bluesbreakers	Little Girl	John Mayall
John Mayall's Bluesbreakers	Key To Love	John Mayall
John Mayall's Bluesbreakers	It Ain't Right	Walter Jacobs a.k.a. Little Walter
John Mayall's Bluesbreakers	Have You Heard	John Mayall
John Mayall's Bluesbreakers	Double Crossing Time	John Mayall
John Mayall's Bluesbreakers	Double Crossing Time	Eric Clapton
John Mayall's Bluesbreakers	Deep Blues Sea	John Mayall
John Mayall's Bluesbreakers	Crying	John Mayall
John Mayall's Bluesbreakers	All Your Love	Otis Rush
John Mayall's Bluesbreakers	All Your Love	Willie Dixon
Jonny Lang	Wander This World	Paul Diethelm
Jonny Lang	Wander This World	Bruce McCabe
Jonny Lang	Too Tired	Jonny Lang
Jonny Lang	Sugarman	Jonny Lang
Jonny Lang	Still Rainin'	Bruce McCabe
Jonny Lang	Second Guessing	David Z
Jonny Lang	Second Guessing	Bruce McCabe
Jonny Lang	Right Back	Jerry Lynn Williams
Jonny Lang	Right Back	Danny Kortchmar
Jonny Lang	Nice And Warm	Jonny Lang
Jonny Lang	Missing Your Love	Jonny Lang
Jonny Lang	Missing Your Love	Dennis Morgan
Jonny Lang	Matchbox	Ike Turner
Jonny Lang	Malted Milk	Robert Johnson
Jonny Lang	Louise	Jonny Lang
Jonny Lang	Lie To Me	Bruce McCabe
Jonny Lang	Leaving To Stay	Kevin Bowe
Jonny Lang	Leaving To Stay	Jonny Lang
Jonny Lang	It's Obdacious	Jonny Lang
Jonny Lang	I Love You The Best	Jonny Lang
Jonny Lang	I Am	Prince
Jonny Lang	I Am	David Z.
Jonny Lang	I Am	Levi Seacer
Jonny Lang	I Am	Jr.
Jonny Lang	Hit The Ground Running	Michel Lunn
Jonny Lang	Hit The Ground Running	Jeff Silbar
Jonny Lang	Good Morning Little School Girl	Sonny Boy Williamson II (Rice Miller)
Jonny Lang	"E" Train	Jonny Lang
Jonny Lang	Darker Side	Bruce McCabe
Jonny Lang	Cherry Red Wine	Luther Allison
Jonny Lang	Changes	Jonny Lang
Jonny Lang	Breakin' Me	Jonny Lang
Jonny Lang	Breakin' Me	Kevin Bowe
Jonny Lang	Before You Hit The Ground	Kevin Bowe
Jonny Lang	Before You Hit The Ground	Jonny Lang
Jonny Lang	Back For A Taste Of Your Love	Syl Johnson
Jonny Lang	Back For A Taste Of Your Love	Darryl Carter
Jonny Lang	Back For A Taste Of Your Love	Brenda Johnson
Jonny Lang	Angel Of Mercy	Bruce McCabe
Jonny Lang	Angel Of Mercy	Michael Henderson
Jonny Lang	A Quitter Never Wins	Tinsley Ellis
Jonny Lang	A Quitter Never Wins	Margaret Sampson
Junior Parker	Yonder's Wall	Eddie James
Junior Parker	The Things I Used To Do	Eddie "Guitar Slim" Jones
Junior Parker	That's All Right	James A. Lane
Junior Parker	Sweet Home Chicago	Roosevelt Sykes
Junior Parker	Strange Things Happening	Percy Mayfield
Junior Parker	Stand By Me	Herman "Junior" Parker
Junior Parker	Sometimes	Don Robey
Junior Parker	Someone Somewhere	Herman "Junior" Parker
Junior Parker	Sitting And Thinking	Don Robey
Junior Parker	Sitting And Thinking	Joseph Scott
Junior Parker	Seven Days	Deadric Malone
Junior Parker	Seven Days	Herman "Junior" Parker
Junior Parker	Next Time You See Me	Don Robey
Junior Parker	Next Time You See Me	William Harvey
Junior Parker	Mother-In-law Blues	Don Robey
Junior Parker	Jivin' Woman	Deadric Malone
Junior Parker	Jivin' Woman	Herman "Junior" Parker
Junior Parker	It's A Pity	Deadric Malone
Junior Parker	It's A Pity	Herman "Junior" Parker
Junior Parker	In The Dark	Deadric Malone
Junior Parker	In The Dark	Herman "Junior" Parker
Junior Parker	Cryin' For My Baby	Harold Burrage
Keb' Mo'	Victims Of Comfort	K. Timber
Keb' Mo'	Victims Of Comfort	Kevin Moore
Keb' Mo'	The Action	Kevin Moore
Keb' Mo'	That's Not Love	Kevin Moore
Keb' Mo'	That's Not Love	G. Graper
Keb' Mo'	Standin' At The Station	Kevin Moore
Keb' Mo'	Standin' At The Station	P. Ramocon
Keb' Mo'	Soon As I Get Paid	Kevin Moore
Keb' Mo'	Soon As I Get Paid	John Lewis Parker
Keb' Mo'	Slow Down	Kevin Moore
Keb' Mo'	Slow Down	John Lewis Parker
Keb' Mo'	Rainmaker	Kevin Moore
Keb' Mo'	Rainmaker	P. Shepard
Keb' Mo'	Perpetual Blues Machine	Kevin Moore
Keb' Mo'	Perpetual Blues Machine	G. Graper
Keb' Mo'	Muddy Water	Kevin Moore
Keb' Mo'	Muddy Water	G. Graper
Keb' Mo'	More Than One Way Home	Kevin Moore
Keb' Mo'	More Than One Way Home	John Lewis Parker
Keb' Mo'	Lullaby Baby Blues	Kevin Moore
Keb' Mo'	Lullaby Baby Blues	G. Graper
Keb' Mo'	Love Blues	Kevin Moore
Keb' Mo'	Love Blues	G. Graper
Keb' Mo'	Last Fair Deal Gone Down	Robert Johnson
Keb' Mo'	Just Like You	Kevin Moore
Keb' Mo'	Just Like You	John Lewis Parker
Keb' Mo'	I Was Wrong	Kevin Moore
Keb' Mo'	I Was Wrong	A. Osbourne
Keb' Mo'	I'm Telling You Now	Kevin Moore
Keb' Mo'	I'm Telling You Now	B. Fisher
Keb' Mo'	I'm On Your Side	Kevin Moore
Keb' Mo'	I Don't Know	Kevin Moore
Keb' Mo'	I Don't Know	G. Graper
Keb' Mo'	Henry	Kevin Moore
Keb' Mo'	Henry	John Lewis Parker
Keb' Mo'	Hand It Over	Kevin Moore
Keb' Mo'	God Trying To Get Your Attention	Kevin Moore
Keb' Mo'	God Trying To Get Your Attention	C. Linden
Keb' Mo'	Everything I Need	Kevin Moore
Keb' Mo'	Everything I Need	C. Streetman
Keb' Mo'	Dangerous Mood	Kevin Moore
Keb' Mo'	Dangerous Mood	C. Parton
Keb' Mo'	Come On In My Kitchen	Robert Johnson
Keb' Mo'	Anybody Seen My Girl	Kevin Moore
Keb' Mo'	Angelina	G. Graper
Keb' Mo'	Angelina	Kevin Moore
Keb' Mo'	Am I wrong	Kevin Moore
Keb' Mo'	A Letter To Tracy	Kevin Moore
Keb' Mo'	A Letter To Tracy	John Lewis Parker
Keb' Mo'	A Better Man	Kevin Moore
Keb' Mo'	A Better Man	O. Osbourne
Kenny Wayne Shepherd	The King's Highway	Kenny Wayne Shepherd
Kenny Wayne Shepherd	The King's Highway	Mark Selby
Kenny Wayne Shepherd	The King's Highway	Tia Sillers
Kenny Wayne Shepherd	Shame, Shame, Shame	Kenny Wayne Shepherd
Kenny Wayne Shepherd	Shame, Shame, Shame	Joe Nadeau
Kenny Wayne Shepherd	One Foot On The Path	Kenny Wayne Shepherd
Kenny Wayne Shepherd	One Foot On The Path	Mark Selby
Kenny Wayne Shepherd	Everybody Gets The Blues	Angel Michael
Kenny Wayne Shepherd	Deja Voodoo	Kenny Wayne Shepherd
Kenny Wayne Shepherd	Deja Voodoo	Mark Selby
Kenny Wayne Shepherd	Deja Voodoo	Tia Sillers
Kenny Wayne Shepherd	Born With A Broken Heart	Kenny Wayne Shepherd
Kenny Wayne Shepherd	Born With A Broken Heart	Danny Tate
Kenny Wayne Shepherd	Blue On Black	Kenny Wayne Shepherd
Kenny Wayne Shepherd	Blue On Black	Mark Selby
Kenny Wayne Shepherd	Blue On Black	Tia Sillers
Kenny Wayne Shepherd	Aberdeen	Bukka White
Ma Rainey	Walking Blues	Ma Rainey
Ma Rainey	Those All Night Long Blues	J.G. Sudath
Ma Rainey	Southern Blues	Ma Rainey
Ma Rainey	Moonshine Blues	K. Winters
Ma Rainey	Last Minute Blues	Thomas A. Dorsey
Ma Rainey	Jelly Bean Blues	Lina Arant
Ma Rainey	Jelly Bean Blues	Ma Rainey
Ma Rainey	Don't Fish In My Sea	Ma Rainey
Ma Rainey	Counting The Blues	Ma Rainey
Ma Rainey	Chain Gang Blues	Parker
Ma Rainey	Chain Gang Blues	Williams
Ma Rainey	Bo-Weavil Blues	Ma Rainey
Ma Rainey	Blues And Booze	Suddoth
Ma Rainey	Big Feeling Blues	rev. Charlie Jackson
Ma Rainey	Big Feeling Blues	Ma Rainey
Ma Rainey	Barrel House Blues	Lovie Austin
Memphis Slim	You Got To Help Me Some	Peter Chatman a.k.a. Memphis Slim
Memphis Slim	Whiskey Store Blues	Peter Chatman a.k.a. Memphis Slim
Memphis Slim	Two Of A Kind	Peter Chatman a.k.a. Memphis Slim
Memphis Slim	This Life I'm Livin'	Peter Chatman a.k.a. Memphis Slim
Memphis Slim	Old Taylor	Peter Chatman a.k.a. Memphis Slim
Memphis Slim	Lend Me Your Love (Take # 2)	Peter Chatman a.k.a. Memphis Slim
Memphis Slim	Jaspar's Gal	Leroy Batchelor
Memphis Slim	ISee My Great Mistake	Peter Chatman a.k.a. Memphis Slim
Memphis Slim	I Believe I'll Settle Down	Peter Chatman a.k.a. Memphis Slim
Memphis Slim	Grinder Man Blues	Peter Chatman a.k.a. Memphis Slim
Memphis Slim	Empty Room Blues	Peter Chatman a.k.a. Memphis Slim
Memphis Slim	Don't Think That You're Smart	Peter Chatman a.k.a. Memphis Slim
Memphis Slim	Caught The Old Coon At Last	Peter Chatman a.k.a. Memphis Slim
Memphis Slim	Beer Drinkin' Woman	Peter Chatman a.k.a. Memphis Slim
Mississippi Fred McDowell	You Gotta Move (version 1)	Mississippi Fred McDowell
Mississippi Fred McDowell	You Gonna Be Sorry	Mississippi Fred McDowell
Mississippi Fred McDowell	Write Me A Few Lines	Mississippi Fred McDowell
Mississippi Fred McDowell	When I Lay My Burden Down	Mississippi Fred McDowell
Mississippi Fred McDowell	I Walked All The Way From East St. Louis	Mississippi Fred McDowell
Mississippi Fred McDowell	I'm Going Over The Hill	Mississippi Fred McDowell
Mississippi Fred McDowell	I Looked At The Sun	Mississippi Fred McDowell
Mississippi Fred McDowell	I Heard Somebody Call	Mississippi Fred McDowell
Mississippi Fred McDowell	Gravel Road Blues (version 2)	Mississippi Fred McDowell
Mississippi Fred McDowell	Gravel Road Blues (version 1)	Mississippi Fred McDowell
Mississippi Fred McDowell	Fred's Worried Life Blues	Mississippi Fred McDowell
Mississippi Fred McDowell	Early This Morning	Mississippi Fred McDowell
Mississippi Fred McDowell	Bye And Bye	Mississippi Fred McDowell
Mississippi Fred McDowell	61 Highway	Mississippi Fred McDowell
Muddy Waters	You Need Love	Willie Dixon
Muddy Waters	You Got To Take Sick And Die Some Of These Days	McKinley Morganfield a.k.a. Muddy Waters
Muddy Waters	You Don't Have To Go	Jimmy Reed
Muddy Waters	You Can't Lose What You Never Had	McKinley Morganfield a.k.a. Muddy Waters
Muddy Waters	Why Don't You Live So God Can Use You	McKinley Morganfield a.k.a. Muddy Waters
Muddy Waters	Who's Gonna Be Your Sweet Man When I'm Gone	McKinley Morganfield a.k.a. Muddy Waters
Muddy Waters	Trouble No More	McKinley Morganfield a.k.a. Muddy Waters
Muddy Waters	Thirteen Highway	McKinley Morganfield a.k.a. Muddy Waters
Muddy Waters	They Call Me Muddy Waters	McKinley Morganfield a.k.a. Muddy Waters
Muddy Waters	The Blues Had A Baby And They Named It Rock And Roll	McKinley Morganfield a.k.a. Muddy Waters
Muddy Waters	Take A Walk With Me	McKinley Morganfield a.k.a. Muddy Waters
Muddy Waters	Take A Walk With Me	Henry "Son" Simms
Muddy Waters	Streamline Woman	McKinley Morganfield a.k.a. Muddy Waters
Muddy Waters	Still A Fool	McKinley Morganfield a.k.a. Muddy Waters
Muddy Waters	Standing Around Crying	McKinley Morganfield a.k.a. Muddy Waters
Muddy Waters	Soon Forgotten	James Burke Oden
Muddy Waters	Rollin' Stone	McKinley Morganfield a.k.a. Muddy Waters
Muddy Waters	Rollin' And Tumblin'	traditional
Muddy Waters	Rock Me	McKinley Morganfield a.k.a. Muddy Waters
Muddy Waters	Ramblin' Kid Blues (version 2)	McKinley Morganfield a.k.a. Muddy Waters
Muddy Waters	Ramblin' Kid Blues (version 2)	Henry "Son" Simms
Muddy Waters	Ramblin' Kid Blues (version 2)	Percy Thomas
Muddy Waters	Ramblin' Kid Blues (version 2)	Louis Ford
Muddy Waters	Ramblin' Kid Blues (version 1)	McKinley Morganfield a.k.a. Muddy Waters
Muddy Waters	One More Mile	McKinley Morganfield a.k.a. Muddy Waters
Muddy Waters	My Dog Can't Bark	Otis Smothers
Muddy Waters	Messin' With The Man	McKinley Morganfield a.k.a. Muddy Waters
Muddy Waters	Mean Red Spider	McKinley Morganfield a.k.a. Muddy Waters
Muddy Waters	Mean Mistreater	McKinley Morganfield a.k.a. Muddy Waters
Muddy Waters	Mannish Boy	Elias McDaniel a.k.a. Bo Diddley
Muddy Waters	Mannish Boy	adapted by McKinley Morganfield a.k.a. Muddy Waters
Muddy Waters	Mamie	McKinley Morganfield a.k.a. Muddy Waters
Muddy Waters	Louisiana Blues	McKinley Morganfield a.k.a. Muddy Waters
Muddy Waters	Long Distance Call	McKinley Morganfield a.k.a. Muddy Waters
Muddy Waters	Lonesome Road Blues	Big Bill Broonzy
Muddy Waters	Little Anna Mae	McKinley Morganfield a.k.a. Muddy Waters
Muddy Waters	Interview With Alan Lomax	McKinley Morganfield a.k.a. Muddy Waters
Muddy Waters	I Want You To Love Me	McKinley Morganfield a.k.a. Muddy Waters
Muddy Waters	I Want To Be Loved	McKinley Morganfield a.k.a. Muddy Waters
Muddy Waters	(I'm Your)Hoochie Coochie Man	Willie Dixon
Muddy Waters	I Love The Life I Live, I Live The Life I Love	Willie Dixon
Muddy Waters	I Just Want To Make Love To You	Willie Dixon
Muddy Waters	I Got My Brand On You	Willie Dixon
Muddy Waters	I Got A Rich Man's Woman	McKinley Morganfield a.k.a. Muddy Waters
Muddy Waters	I Can't Be Satisfied	McKinley Morganfield a.k.a. Muddy Waters
Muddy Waters	I Be's Troubled	McKinley Morganfield a.k.a. Muddy Waters
Muddy Waters	Howlin' Wolf	McKinley Morganfield a.k.a. Muddy Waters
Muddy Waters	Honey Bee	McKinley Morganfield a.k.a. Muddy Waters
Muddy Waters	Gypsy Woman	McKinley Morganfield a.k.a. Muddy Waters
Muddy Waters	Got My Mojo Working	Preston Foster
Muddy Waters	Got My Mojo Working	McKinley Morganfield a.k.a. Muddy Waters
Muddy Waters	Forty Days And Forty Nights	Bernie Roth
Muddy Waters	Elevate Me Mama	probably Sonny Boy Williamson II (Rice Miller)
Muddy Waters	Diamonds At Her Feet	McKinley Morganfield a.k.a. Muddy Waters
Muddy Waters	Deep Down In Florida	McKinley Morganfield a.k.a. Muddy Waters
Muddy Waters	Crosseyed Cat	McKinley Morganfield a.k.a. Muddy Waters
Muddy Waters	Country Blues	McKinley Morganfield a.k.a. Muddy Waters
Muddy Waters	Corrina, Corrina	Chatman
Muddy Waters	Corrina, Corrina	Williams
Muddy Waters	Corrina, Corrina	Parish
Muddy Waters	Caldonia	Fleecie Moore
Muddy Waters	Blurr Clover Farm Blues	McKinley Morganfield a.k.a. Muddy Waters
Muddy Waters	Blurr Clover Blues	McKinley Morganfield a.k.a. Muddy Waters
Muddy Waters	Blues Before Sunrise	Leroy Carr
Muddy Waters	Blow Wind Blow	McKinley Morganfield a.k.a. Muddy Waters
Muddy Waters	Baby Please Don't Go	McKinley Morganfield a.k.a. Muddy Waters
Muddy Waters	32-20 Blues	McKinley Morganfield a.k.a. Muddy Waters
Robert Johnson	When You Got A Good Friend, take 2	Robert Johnson
Robert Johnson	When You Got A Good Friend, take 1	Robert Johnson
Robert Johnson	Walkin' Blues	Robert Johnson
Robert Johnson	Traveling Riverside Blues	Robert Johnson
Robert Johnson	They're Red Hot	Robert Johnson
Robert Johnson	Terraplane Blues	Robert Johnson
Robert Johnson	Stop Breaking Down Blues, take 2	Robert Johnson
Robert Johnson	Stop Breaking Down Blues, take 1	Robert Johnson
Robert Johnson	Stones In My Passway	Robert Johnson
Robert Johnson	Rambling On My Mind, take 2	Robert Johnson
Robert Johnson	Rambling On My Mind, take 1	Robert Johnson
Robert Johnson	Preachin' Blues (Up Jumped The Devil)	Robert Johnson
Robert Johnson	Phonograph Blues, take 2	Robert Johnson
Robert Johnson	Phonograph Blues, take 1	Robert Johnson
Robert Johnson	Milkcow's Calf Blues, take 2	Robert Johnson
Robert Johnson	Milkcow's Calf Blues, take 1	Robert Johnson
Robert Johnson	Me And The Devil Blues, take 2	Robert Johnson
Robert Johnson	Me And The Devil Blues, take 1	Robert Johnson
Robert Johnson	Love In Vain, take 2	Robert Johnson
Robert Johnson	Love In Vain, take 1	Robert Johnson
Robert Johnson	Little Queen Of Spades, take 2	Robert Johnson
Robert Johnson	Little Queen Of Spades, take 1	Robert Johnson
Robert Johnson	Kindhearted Woman Blues, take 2	Robert Johnson
Robert Johnson	Kindhearted Woman Blues, take 1	Robert Johnson
Robert Johnson	Drunken Hearted Man, take 2	Robert Johnson
Robert Johnson	Drunken Hearted Man, take 1	Robert Johnson
Robert Johnson	Dead Shrimp Blues	Robert Johnson
Robert Johnson	Cross Road Blues, take 2	Robert Johnson
Robert Johnson	Cross Road Blues, take 1	Robert Johnson
Robert Johnson	Come On In My Kitchen, take 2	Robert Johnson
Robert Johnson	Come On In My Kitchen, take 1	Robert Johnson
Slim Harpo	Wonderin' And Worryin'	Slim Harpo (James Moore)
Slim Harpo	Wonderin' And Worryin'	Jerry West
Slim Harpo	Te Ni Nee Ni Nu	Slim Harpo (James Moore)
Slim Harpo	One More Day	Jerry West
Slim Harpo	Blues Hangover	Slim Harpo (James Moore)
Slim Harpo	Blues Hangover	Jerry West
Sonny Boy Williamson I (John Lee)	You Can Lead Me	Sonny Boy Williamson I (John Lee)
Sonny Boy Williamson I (John Lee)	Win The War Blues	Sonny Boy Williamson I (John Lee)
Sonny Boy Williamson I (John Lee)	Up The Country Blues	Sonny Boy Williamson I (John Lee)
Sonny Boy Williamson I (John Lee)	Until My Love Come Down	Sonny Boy Williamson I (John Lee)
Sonny Boy Williamson I (John Lee)	Sugar Mama Blues	Sonny Boy Williamson I (John Lee)
Sonny Boy Williamson I (John Lee)	Skinny Woman	Sonny Boy Williamson I (John Lee)
Sonny Boy Williamson I (John Lee)	My Little Machine	Sonny Boy Williamson I (John Lee)
Sonny Boy Williamson I (John Lee)	My Little Cornelius	Sonny Boy Williamson I (John Lee)
Sonny Boy Williamson I (John Lee)	Moonshine	Sonny Boy Williamson I (John Lee)
Sonny Boy Williamson I (John Lee)	Miss Louisa Blues	Sonny Boy Williamson I (John Lee)
Sonny Boy Williamson I (John Lee)	Fridgidaire Blues	Sonny Boy Williamson I (John Lee)
Sonny Boy Williamson I (John Lee)	Early In The Morning	Sonny Boy Williamson I (John Lee)
Sonny Boy Williamson I (John Lee)	Down South	Sonny Boy Williamson I (John Lee)
Sonny Boy Williamson I (John Lee)	Decoration Blues	Sonny Boy Williamson I (John Lee)
Sonny Boy Williamson I (John Lee)	Collector Man Blues	Sonny Boy Williamson I (John Lee)
Sonny Boy Williamson I (John Lee)	Blue Bird Blues	Sonny Boy Williamson I (John Lee)
Sonny Boy Williamson I (John Lee)	Black Gal Blues	Sonny Boy Williamson I (John Lee)
Sonny Boy Williamson I (John Lee)	Bad Luck Blues	Sonny Boy Williamson I (John Lee)
Stevie Ray Vaughan	You'll Be Mine	Willie Dixon
Stevie Ray Vaughan	Willie The Wimp	Ruth Ellsworth
Stevie Ray Vaughan	Willie The Wimp	B. Carter
Stevie Ray Vaughan	White Boots	Billy Swan
Stevie Ray Vaughan	White Boots	Jim Leslie
Stevie Ray Vaughan	Wall Of Denial lyrics	Stevie Ray Vaughan
Stevie Ray Vaughan	Wall Of Denial lyrics	Doyle Bramhall
Stevie Ray Vaughan	Voodoo Chile (Slight Return) lyrics	Jimmy Hendrix
Stevie Ray Vaughan	Tin Pan Alley lyrics	R. Geddins
Stevie Ray Vaughan	Tightrope lyrics	Stevie Ray Vaughan
Stevie Ray Vaughan	Tightrope lyrics	Doyle Bramhall
Stevie Ray Vaughan	Tick Tock lyrics	Jimmy Vaughan
Stevie Ray Vaughan	Tick Tock lyrics	Nile Rodgers
Stevie Ray Vaughan	Tick Tock lyrics	J.L. Williams
Stevie Ray Vaughan	They Call Me Guitar Hurricane	E. Jones
Stevie Ray Vaughan	The Things (That) I Used To Do	E. Jones
Stevie Ray Vaughan	The House Is Rockin' lyrics	Stevie Ray Vaughan
Stevie Ray Vaughan	The House Is Rockin' lyrics	Doyle Bramhall
Stevie Ray Vaughan	Texas Flood lyrics	L.C. Davis
Stevie Ray Vaughan	Texas Flood lyrics	J.W. Scott
Stevie Ray Vaughan	Telephone Song	Stevie Ray Vaughan
Stevie Ray Vaughan	Telephone Song	Doyle Bramhall
Stevie Ray Vaughan	Taxman	G. Harrison
Stevie Ray Vaughan	Scratch-N-Sniff	Stevie Ray Vaughan
Stevie Ray Vaughan	Scratch-N-Sniff	Doyle Bramhall
Stevie Ray Vaughan	Say What!	Stevie Ray Vaughan
Stevie Ray Vaughan	Say What! (Live Alive Version)	Stevie Ray Vaughan
Stevie Ray Vaughan	Pride And Joy lyrics	Stevie Ray Vaughan
Stevie Ray Vaughan	May I have A talk With You	Chester Burnett a.k.a. Howlin' Wolf
Stevie Ray Vaughan	Mary Had A Little Lamb lyrics	Buddy Guy
Stevie Ray Vaughan	Love Struck Baby lyrics	Stevie Ray Vaughan
Stevie Ray Vaughan	Love Me Darlin'	Chester Burnett a.k.a. Howlin' Wolf
Stevie Ray Vaughan	Lookin' Out The Window lyrics	Doyle Bramhall
Stevie Ray Vaughan	Look At Little Sister	H. Ballard
Stevie Ray Vaughan	Long Way From Home	Stevie Ray Vaughan
Stevie Ray Vaughan	Long Way From Home	Doyle Bramhall
Stevie Ray Vaughan	Live Another Day	Stevie Ray Vaughan
Stevie Ray Vaughan	Life Without You lyrics	Stevie Ray Vaughan
Stevie Ray Vaughan	Life By The Drop lyrics	Doyle Bramhall
Stevie Ray Vaughan	Life By The Drop lyrics	B. Logan
Stevie Ray Vaughan	Letter To My Girlfriend	E. Jones
Stevie Ray Vaughan	Let Me Love You Baby	Willie Dixon
Stevie Ray Vaughan	Leave My Girl Alone	Buddy Guy
Stevie Ray Vaughan	I'm Leaving You (Commit A Crime)	Chester Burnett a.k.a. Howlin' Wolf
Stevie Ray Vaughan	I'm Cryin' lyrics	Stevie Ray Vaughan
Stevie Ray Vaughan	Hug You Squeeze You lyrics	John Lee Hooker
Stevie Ray Vaughan	Hard To Be	Stevie Ray Vaughan
Stevie Ray Vaughan	Hard To Be	Doyle Bramhall
Stevie Ray Vaughan	Good Texan	Jimmy Vaughan
Stevie Ray Vaughan	Good Texan	Nile Rodgers
Stevie Ray Vaughan	Empty Arms lyrics	Stevie Ray Vaughan
Stevie Ray Vaughan	Dirty Pool	Doyle Bramhall
Stevie Ray Vaughan	Dirty Pool	Stevie Ray Vaughan
Stevie Ray Vaughan	Crossfire lyrics	Tommy Shannon
Stevie Ray Vaughan	Crossfire lyrics	Chris Layton
Stevie Ray Vaughan	Crossfire lyrics	Reese Wynans /B. Carter/ Ruth Ellsworth
Stevie Ray Vaughan	Couldn't Stand The Weather lyrics	Stevie Ray Vaughan
Stevie Ray Vaughan	Come On lyrics	E. King
Stevie Ray Vaughan	Cold Shot lyrics	M. Kendrid, arranged by Stevie Ray Vaughan
Stevie Ray Vaughan	Close To You	Willie Dixon
Stevie Ray Vaughan	Change It lyrics	Doyle Bramhall
Stevie Ray Vaughan	C.O.D.	L. Gooden
Stevie Ray Vaughan	Boot Hill lyrics	unknown
Stevie Ray Vaughan	All Your Love (I Miss Loving You)	Otish Rush
Stevie Ray Vaughan	Ain't Gone 'N' Give Up On Love	Stevie Ray Vaughan
Susan Tedeschi	You Need To Be With Me	Susan Tedeschi
Susan Tedeschi	Rock Me Right	Tom Hambridge
Susan Tedeschi	Mama, He Treats Your Daughter Mean	Lance
Susan Tedeschi	Mama, He Treats Your Daughter Mean	Wallace
Susan Tedeschi	Love Never Treats Me Right	Susan Tedeschi
Susan Tedeschi	Looking For Answers	Susan Tedeschi
Susan Tedeschi	Locomotive	Susan Tedeschi
Susan Tedeschi	Little By Little	Junior Wells
Susan Tedeschi	Just Won't Burn	Susan Tedeschi
Susan Tedeschi	It's Up To You	James Lamond
Susan Tedeschi	It's Up To You	Susan Tedeschi
Susan Tedeschi	It Hurt So Bad	Tom Hambridge
Susan Tedeschi	It Hurts Me Too	Elmore James
Susan Tedeschi	It Hurts Me Too	James Robinson
Susan Tedeschi	I Don't Want No Woman	Robey (original title: I Don't Want Nobody), adapted lyrics by Susan Tedeschi
Susan Tedeschi	Hound Dog	Jerry Leiber
Susan Tedeschi	Hound Dog	Mike Stoller
Susan Tedeschi	Gonna Write Him A Letter	Susan Tedeschi
Susan Tedeschi	Friars Point	Susan Tedeschi
Susan Tedeschi	Friars Point	Tom Hambridge
Susan Tedeschi	Found Someone New	Susan Tedeschi
Susan Tedeschi	Can't Leave You Alone	Adrienne Hayes
Susan Tedeschi	Better Days	Adrienne Hayes
Susan Tedeschi	Angel From Montgomery	John Prine
Susan Tedeschi	Ain't Nobody's Business	Porter Granger
Susan Tedeschi	Ain't Nobody's Business	Porter Grainger
Susan Tedeschi	Ain't Nobody's Business	Robbins
T-Bone Walker	You're My Best Poker Hand	Burghardt Jr.
T-Bone Walker	Tell Me What's The Reason	Aaron Thibeaux "T-Bone" Walker
T-Bone Walker	T-Bone Blues	Hite
T-Bone Walker	Street Walkin' Woman	Aaron Thibeaux "T-Bone" Walker
T-Bone Walker	She's The No Sleepin'est Woman	Paul Rainer
T-Bone Walker	Play On Little Girl	Aaron Thibeaux "T-Bone" Walker
T-Bone Walker	Papa Ain't Salty No More	McDaniel
T-Bone Walker	Papa Ain't Salty No More	Aaron Thibeaux "T-Bone" Walker
T-Bone Walker	Midnight Blues	Aaron Thibeaux "T-Bone" Walker
T-Bone Walker	Long Skirt Baby Blues	Aaron Thibeaux "T-Bone" Walker
T-Bone Walker	It's A Low Down Dirty Deal	John L. Crainer
T-Bone Walker	It's A Low Down Dirty Deal	Aaron Thibeaux "T-Bone" Walker
T-Bone Walker	I'm About To Lose My Mind	Aaron Thibeaux "T-Bone" Walker
T-Bone Walker	Evenin'	Mitchell Parish
T-Bone Walker	Evenin'	Harry White
T-Bone Walker	Description Blues	Reiner
T-Bone Walker	Bye Bye Baby	by Aaron Thibeaux "T-Bone" Walker
T-Bone Walker	Bobby Sox Blues	Dootsie Williams
T-Bone Walker	Alimony Blues	E. Vinson
The Fabulous Thunderbirds	Wrap It Up	Isaac Hayes
The Fabulous Thunderbirds	Wrap It Up	David Porter
The Fabulous Thunderbirds	Why Get Up	B. Carter
The Fabulous Thunderbirds	Why Get Up	R. Ellsworth
The Fabulous Thunderbirds	Wait On Time	Kim Wilson
The Fabulous Thunderbirds	Two Time My Lovin'	Kim Wilson
The Fabulous Thunderbirds	TuffEnuff	Kim Wilson
The Fabulous Thunderbirds	True Love	Kim Wilson
The Fabulous Thunderbirds	Tell Me	Schuler
The Fabulous Thunderbirds	Tell Me	Semien
The Fabulous Thunderbirds	Poor Boy	Kim Wilson
The Fabulous Thunderbirds	Poor Boy	Jimmie Vaughan
The Fabulous Thunderbirds	Lover's Crime	Kim Wilson
The Fabulous Thunderbirds	Look At That, Look At That	Kim Wilson
The Fabulous Thunderbirds	Look At That, Look At That	Jimmie Vaughan
The Fabulous Thunderbirds	Look At That, Look At That	Fran Christina
The Fabulous Thunderbirds	Look At That, Look At That	P. Hubbard
The Fabulous Thunderbirds	I Believe I'min Love	Kim Wilson
The Fabulous Thunderbirds	Give Me All Your Loving	Kim Wilson
The Fabulous Thunderbirds	Amnesia	Kim Wilson
ZZ Top	Waitin' For The Bus	Billy Gibbons
ZZ Top	Waitin' For The Bus	Dusty Hill
ZZ Top	Stop Breaking Down Blues	Robert Johnson
ZZ Top	(Somebody Else Been) Shakin' Your Tree	Billy Gibbons
ZZ Top	She Loves My Automobile	Frank Beard
ZZ Top	She Loves My Automobile	Billy Gibbons
ZZ Top	She Loves My Automobile	Dusty Hill
ZZ Top	Pan Am Highway Blues	Frank Beard
ZZ Top	Pan Am Highway Blues	Billy Gibbons
ZZ Top	Pan Am Highway Blues	Dusty Hill
ZZ Top	Neighbor, Neighbor	Billy Gibbons
ZZ Top	My Head's In Mississippi	Frank Beard
ZZ Top	My Head's In Mississippi	Billy Gibbons
ZZ Top	My Head's In Mississippi	Dusty Hill
ZZ Top	Move Me On Down The Line	Billy Gibbons
ZZ Top	Move Me On Down The Line	Dusty Hill
ZZ Top	Just Got Paid	Billy Gibbons
ZZ Top	Just Got Paid	Bill Ham
ZZ Top	Just Got Back From Baby's	Billy Gibbons
ZZ Top	Just Got Back From Baby's	Bill Ham
ZZ Top	Jesus Just Left Chicago	Frank Beard
ZZ Top	Jesus Just Left Chicago	Billy Gibbons
ZZ Top	Jesus Just Left Chicago	Dusty Hill
ZZ Top	I Got The Message	Frank Beard
ZZ Top	I Got The Message	Billy Gibbons
ZZ Top	I Got The Message	Dusty Hill
ZZ Top	Hi Fi Mama	Frank Beard
ZZ Top	Hi Fi Mama	Billy Gibbons
ZZ Top	Hi Fi Mama	Dusty Hill
ZZ Top	Groovy Little Hippie Pad	Frank Beard
ZZ Top	Groovy Little Hippie Pad	Billy Gibbons
ZZ Top	Groovy Little Hippie Pad	Dusty Hill
ZZ Top	Dust My Broom	Elmore James
ZZ Top	Certified Blues	Frank Beard
ZZ Top	Certified Blues	Billy Gibbons
ZZ Top	Certified Blues	Bill Ham
ZZ Top	Brown Sugar	Billy Gibbons
ZZ Top	Blue Jean Blues	Frank Beard
ZZ Top	Blue Jean Blues	Billy Gibbons
ZZ Top	Blue Jean Blues	Dusty Hill
ZZ Top	Bar-B-Q	Billy Gibbons
ZZ Top	Bar-B-Q	Bill Ham
ZZ Top	Back Door Love Affair	Billy Gibbons
ZZ Top	Back Door Love Affair	Bill Ham