You've Got To Give Me Some	1920	date
You Stole My Man	1920	date
Yonder Come The Blues	1920	date
Yodling Blues	1920	date
Worn Down Daddy	1920	date
Wild WomenDon't Have The Blues	1920	date
Whoa, Tillie, Take Your Time	1920	date
Walking Blues	1920	date
Waitin' For The Evenin' Mail	1920	date
Those All Night Long Blues	1920	date
Thinking Blues	1920	date
St. Louis Gal	1920	date
Southern Blues	1920	date
Shipwrecked Blues	1920	date
Seven Day Blues	1920	date
Sam Jones Blues	1920	date
Reckless Blues	1920	date
Rambling Blues	1920	date
Put It Right Here (Or Keep It Out There)	1920	date
Prescription For The Blues	1920	date
Pinchbacks - Take 'Em Away	1920	date
Outside Of That	1920	date
Nobody In Town Can Bake A Sweet Jelly Roll Like Mine	1920	date
My Sweetie Went Away	1920	date
My Man Blues	1920	date
Moonshine Blues	1920	date
Mistreating Daddy	1920	date
Lovin' Is The Thing I'm Wild About	1920	date
Last Minute Blues	1920	date
Lady Luck Blues	1920	date
Keeps On A-Rainin'	1920	date
Jailhouse Blues	1920	date
If You Don't, I Know Who Will	1920	date
Ida Cox's Lawdy Lawdy Blues	1920	date
I Never Miss The Sunshine (I'm So Used To The Rain)	1920	date
I'm Going Back To My Used To Be	1920	date
Hard Time Blues	1920	date
Gulf Coast Blues	1920	date
Graveyard Dream Blues	1920	date
Give Me A Break Blues	1920	date
Frosty Morning	1920	date
Fogyism	1920	date
Eavesdropper's Blues	1920	date
Downhearted Blues	1920	date
Don't Never Tell Nobody	1920	date
Don't Fish In My Sea	1920	date
Devil's Gonna Git You	1920	date
Counting The Blues	1920	date
Chicago Monkey Man Blues	1920	date
Cherry Picking Blues	1920	date
Cemetery Blues	1920	date
Broadcasting Blues	1920	date
Booze Crazy Man Blues	1920	date
Bo-Weavil Blues	1920	date
Blues And Booze	1920	date
Blues Ain't Nothin' Else But!	1920	date
Bleeding Hearted Blues	1920	date
Beale Street Mama	1920	date
Barrel House Blues	1920	date
Bama Bound Blues	1920	date
Awful Moanin' Blues	1920	date
Any Woman's Blues	1920	date
Ain't Gonna Play No 2nd Fiddle	1920	date
Aggravatin' Papa	1920	date
After You've Gone	1920	date
See That My Grave Is Kept Clean	1920	date
You've Got To Give Me Some	1920	date
You Stole My Man	1920	date
Yonder Come The Blues	1920	date
Yodling Blues	1920	date
Worn Down Daddy	1920	date
Wild WomenDon't Have The Blues	1920	date
Whoa, Tillie, Take Your Time	1920	date
Walking Blues	1920	date
Waitin' For The Evenin' Mail	1920	date
Those All Night Long Blues	1920	date
Thinking Blues	1920	date
St. Louis Gal	1920	date
Southern Blues	1920	date
Shipwrecked Blues	1920	date
Seven Day Blues	1920	date
Sam Jones Blues	1920	date
Reckless Blues	1920	date
Rambling Blues	1920	date
Put It Right Here (Or Keep It Out There)	1920	date
Prescription For The Blues	1920	date
Pinchbacks - Take 'Em Away	1920	date
Outside Of That	1920	date
Nobody In Town Can Bake A Sweet Jelly Roll Like Mine	1920	date
My Sweetie Went Away	1920	date
My Man Blues	1920	date
Moonshine Blues	1920	date
Mistreating Daddy	1920	date
Lovin' Is The Thing I'm Wild About	1920	date
Last Minute Blues	1920	date
Lady Luck Blues	1920	date
Keeps On A-Rainin'	1920	date
Jailhouse Blues	1920	date
If You Don't, I Know Who Will	1920	date
Ida Cox's Lawdy Lawdy Blues	1920	date
I Never Miss The Sunshine (I'm So Used To The Rain)	1920	date
I'm Going Back To My Used To Be	1920	date
Hard Time Blues	1920	date
Gulf Coast Blues	1920	date
Graveyard Dream Blues	1920	date
Give Me A Break Blues	1920	date
Frosty Morning	1920	date
Fogyism	1920	date
Eavesdropper's Blues	1920	date
Downhearted Blues	1920	date
Don't Never Tell Nobody	1920	date
Don't Fish In My Sea	1920	date
Devil's Gonna Git You	1920	date
Counting The Blues	1920	date
Chicago Monkey Man Blues	1920	date
Cherry Picking Blues	1920	date
Cemetery Blues	1920	date
Broadcasting Blues	1920	date
Booze Crazy Man Blues	1920	date
Bo-Weavil Blues	1920	date
Blues And Booze	1920	date
Blues Ain't Nothin' Else But!	1920	date
Bleeding Hearted Blues	1920	date
Beale Street Mama	1920	date
Barrel House Blues	1920	date
Bama Bound Blues	1920	date
Awful Moanin' Blues	1920	date
Any Woman's Blues	1920	date
Ain't Gonna Play No 2nd Fiddle	1920	date
Aggravatin' Papa	1920	date
After You've Gone	1920	date
See That My Grave Is Kept Clean	1920	date
Until My Love Come Down	1930	date
Take Him Off My Mind	1930	date
Shipwreck Blues	1930	date
Pink Slip Blues	1930	date
I Need A Little Sugar In My Bowl	1930	date
Hard Time Blues	1930	date
Until My Love Come Down	1930	date
Take Him Off My Mind	1930	date
Shipwreck Blues	1930	date
Pink Slip Blues	1930	date
I Need A Little Sugar In My Bowl	1930	date
Hard Time Blues	1930	date
Win The War Blues	1940	date
Streamline Woman	1940	date
Ramblin' Kid Blues (version 1)	1940	date
Mean Red Spider	1940	date
I Can't Be Satisfied	1940	date
I Be's Troubled	1940	date
Win The War Blues	1940	date
Streamline Woman	1940	date
Ramblin' Kid Blues (version 1)	1940	date
Mean Red Spider	1940	date
I Can't Be Satisfied	1940	date
You Upset Me Baby	1950	date
You Gonna Wreck My Life	1950	date
You Can't Be Beat	1950	date
Work For Your Money	1950	date
Wobblin' Baby	1950	date
Why I Sing The Blues	1950	date
Who Will Be Next	1950	date
Who Do You Love	1950	date
They Call Me Muddy Waters	1950	date
Sweet Home Chicago	1950	date
Sometimes	1950	date
Sittin' On Top Of The World	1950	date
She's Dynamite	1950	date
She's Alright	1950	date
Say Man	1950	date
Rockin' Daddy	1950	date
Rock Me Baby	1950	date
Recession Blues	1950	date
Pretty Thing (version 2)	1950	date
Pretty Thing (version 1)	1950	date
Please Love Me	1950	date
Oh Red! (Take 2)	1950	date
Next Time You See Me	1950	date
Nature	1950	date
Natchez Burning	1950	date
My Last Affair (Take 1)	1950	date
My Baby Walked Off	1950	date
Mr. Airplane Man	1950	date
Mother-In-law Blues	1950	date
Mean Mistreater	1950	date
Maudie (Version 1)	1950	date
Louisiana Blues	1950	date
Lonesome Road Blues	1950	date
Little Wheel	1950	date
Just My Kind	1950	date
I've Been Abused	1950	date
(I'm Your)Hoochie Coochie Man	1950	date
I'm The Wolf	1950	date
I'm Sorry	1950	date
I'm Looking For AWoman	1950	date
I'mIn The Mood (Version 1)	1950	date
I'm A Man	1950	date
I'll Be Around	1950	date
I Just Want To Make Love To You	1950	date
I Didn't Know	1950	date
Hush Your Mouth	1950	date
How Can You Do It?	1950	date
Honey Bee	1950	date
Hobo Blues	1950	date
Hey, Bo Diddley	1950	date
Good Mornin' Lil' School Girl	1950	date
Everyday I Have The Blues (Version 1)	1950	date
Down At The Landing	1950	date
Dorothy Mae	1950	date
Dimples	1950	date
Diddley Daddy	1950	date
Decoration Day	1950	date
Dearest Darling	1950	date
Dark Is The Night	1950	date
Crawlin' Kingsnake	1950	date
Crawlin' Black Spider	1950	date
Cold Chills All Over Me	1950	date
Church Bell Tone	1950	date
Change My Way	1950	date
Cadillac Daddy (Mr. Highway Man)	1950	date
Bring It To Jerome	1950	date
Baby, Boogie Chillun	1950	date
Bo Diddley (version 2)	1950	date
Bluebird Blues	1950	date
Baby Please Don't Go	1950	date
Baby, Baby Lee (Version 1)	1950	date
Drinkin' C.V. Wine	1950	date
You Upset Me Baby	1950	date
You Gonna Wreck My Life	1950	date
You Can't Be Beat	1950	date
Work For Your Money	1950	date
Wobblin' Baby	1950	date
Why I Sing The Blues	1950	date
Who Will Be Next	1950	date
Who Do You Love	1950	date
They Call Me Muddy Waters	1950	date
Sweet Home Chicago	1950	date
Sometimes	1950	date
Sittin' On Top Of The World	1950	date
She's Dynamite	1950	date
She's Alright	1950	date
Say Man	1950	date
Rockin' Daddy	1950	date
Rock Me Baby	1950	date
Recession Blues	1950	date
Pretty Thing (version 2)	1950	date
Pretty Thing (version 1)	1950	date
Please Love Me	1950	date
Oh Red! (Take 2)	1950	date
Next Time You See Me	1950	date
Nature	1950	date
Natchez Burning	1950	date
My Last Affair (Take 1)	1950	date
My Baby Walked Off	1950	date
Mr. Airplane Man	1950	date
Mother-In-law Blues	1950	date
Maudie (Version 1)	1950	date
Louisiana Blues	1950	date
Lonesome Road Blues	1950	date
Little Wheel	1950	date
Just My Kind	1950	date
I've Been Abused	1950	date
(I'm Your)Hoochie Coochie Man	1950	date
I'm The Wolf	1950	date
I'm Sorry	1950	date
I'm Looking For AWoman	1950	date
I'mIn The Mood (Version 1)	1950	date
I'm A Man	1950	date
I'll Be Around	1950	date
I Just Want To Make Love To You	1950	date
I Didn't Know	1950	date
Hush Your Mouth	1950	date
How Can You Do It?	1950	date
Honey Bee	1950	date
Hobo Blues	1950	date
Hey, Bo Diddley	1950	date
Good Mornin' Lil' School Girl	1950	date
Everyday I Have The Blues (Version 1)	1950	date
Down At The Landing	1950	date
Dorothy Mae	1950	date
Dimples	1950	date
Diddley Daddy	1950	date
Decoration Day	1950	date
Dearest Darling	1950	date
Dark Is The Night	1950	date
Crawlin' Kingsnake	1950	date
Crawlin' Black Spider	1950	date
Church Bell Tone	1950	date
Change My Way	1950	date
Cadillac Daddy (Mr. Highway Man)	1950	date
Bring It To Jerome	1950	date
Baby, Boogie Chillun	1950	date
Bo Diddley (version 2)	1950	date
Bluebird Blues	1950	date
Baby Please Don't Go	1950	date
Baby, Baby Lee (Version 1)	1950	date
Drinkin' C.V. Wine	1950	date
You Shouldn't Have Left Me	1960	date
You Put It On Me	1960	date
You Done Lost Your Good Thing Now	1960	date
You Don't Have To Go	1960	date
You Can't Judge A Book By It's Cover	1960	date
Yonder's Wall	1960	date
Worried Life	1960	date
Woke Up This Morning (My Baby's Gone)	1960	date
Who's Been Talkin'	1960	date
What'd I Say	1960	date
(The) Waterfront	1960	date
Want Ad Blues	1960	date
Wang Dang Doodle	1960	date
Turtle Blues	1960	date
Tupelo	1960	date
Three Hundred Pounds Of Joy	1960	date
This Is Hip	1960	date
Thirteen Highway	1960	date
The Red Rooster	1960	date
The Jungle	1960	date
Tell Me What I've Done	1960	date
Tail Dragger	1960	date
Sweet Little Angel (Version 1)	1960	date
Strange Things	1960	date
Strange Things Happening	1960	date
Stop Leadin' Me On	1960	date
Stand By Me	1960	date
Spoonful	1960	date
Someone Somewhere	1960	date
Someday Baby	1960	date
Sneakin' Around	1960	date
Smokestack Lightnin'	1960	date
Slowly Losing My Mind	1960	date
Sloppy Drunk	1960	date
Sky Is Crying	1960	date
Shake For Me	1960	date
Send Me Your Pillow	1960	date
Road Runner	1960	date
Ramblin' On My Mind	1960	date
Process	1960	date
Please Set A Date	1960	date
Paying The Cost To Be The Boss	1960	date
Parchman Farm	1960	date
Ooh Baby (Hold Me)	1960	date
One More Mile	1960	date
No More Doggin'	1960	date
Never Trust A Woman	1960	date
My First Wife Left Me	1960	date
My Dog Can't Bark	1960	date
(My Country) Sugar Mama	1960	date
Money's Gettin' Cheaper	1960	date
Messin' With The Man	1960	date
Little Girl	1960	date
Little Baby	1960	date
Lets Get Down To Business	1960	date
Let's Make It	1960	date
Key To Love	1960	date
Kansas City	1960	date
Just A Little Love	1960	date
Jivin' Woman	1960	date
It's You I Love Baby	1960	date
It's My Own Fault	1960	date
It's A Pity	1960	date
It's A Mean World	1960	date
It Ain't Right	1960	date
In The Dark	1960	date
I Want You So Bad	1960	date
I've Been Treated Wrong	1960	date
I Put My Trust On You	1960	date
I Need You Baby	1960	date
I Need Some Money	1960	date
I'm Wanderin'	1960	date
I'mMad Again	1960	date
I'mLeaving Baby	1960	date
I'm Gonna Do What They Do To Me	1960	date
I'mGoing Upstairs	1960	date
I Know What Your Putting Down	1960	date
I Got My Brand On You	1960	date
I Done Got Wise	1960	date
I Asked For Water	1960	date
Howlin' For My Baby	1960	date
How Many More Years	1960	date
How Long Blues	1960	date
Help The Poor (Version 1)	1960	date
Have You Heard	1960	date
Grab Me A Freight	1960	date
Got My Mojo Working	1960	date
Got A Good Thing Goin'	1960	date
Gonna Keep On Loving You	1960	date
Going Down Slow	1960	date
Goin' Down Slow	1960	date
Get Off My Back Woman	1960	date
Get Myself Somebody	1960	date
Gambler's Blues	1960	date
Frisco Blues	1960	date
Fools Get Wise	1960	date
Five Long Years (Version 2)	1960	date
Evil	1960	date
Everyday I Have The Blues (Version 3)	1960	date
Elevate Me Mama	1960	date
Early In The Morning (Version 1)	1960	date
Driving Wheel	1960	date
Drinking Beer	1960	date
Downhearted	1960	date
Down In The Bottom	1960	date
Double Crossing Time	1960	date
Don't Let Go	1960	date
Don't Get Around Much Anymore	1960	date
Don't Answer The Door	1960	date
Democrat Man	1960	date
Days Of Old (Version 1)	1960	date
Cryin' For My Baby	1960	date
Confessin' The Blues	1960	date
Come Back Baby	1960	date
Cane River	1960	date
Callin' On My Darlin'	1960	date
Buzz Me (Version 1)	1960	date
Built For Comfort	1960	date
Boom Boom	1960	date
Bo Diddley's A Gunslinger	1960	date
Baby, Blues Before Sunrise (Version 2)	1960	date
Blues At Midnight	1960	date
Blindman	1960	date
Be Careful With A Fool	1960	date
All Your Love	1960	date
All Over Again	1960	date
I Know You Rider	1960	date
You Put It On Me	1960	date
You Done Lost Your Good Thing Now	1960	date
You Don't Have To Go	1960	date
You Can't Judge A Book By It's Cover	1960	date
Yonder's Wall	1960	date
Worried Life	1960	date
Woke Up This Morning (My Baby's Gone)	1960	date
Who's Been Talkin'	1960	date
What'd I Say	1960	date
(The) Waterfront	1960	date
Want Ad Blues	1960	date
Wang Dang Doodle	1960	date
Turtle Blues	1960	date
Tupelo	1960	date
Three Hundred Pounds Of Joy	1960	date
This Is Hip	1960	date
Thirteen Highway	1960	date
The Red Rooster	1960	date
The Jungle	1960	date
Tell Me What I've Done	1960	date
Tail Dragger	1960	date
Sweet Little Angel (Version 1)	1960	date
Strange Things	1960	date
Strange Things Happening	1960	date
Stop Leadin' Me On	1960	date
Stand By Me	1960	date
Spoonful	1960	date
Someone Somewhere	1960	date
Someday Baby	1960	date
Sneakin' Around	1960	date
Smokestack Lightnin'	1960	date
Slowly Losing My Mind	1960	date
Sloppy Drunk	1960	date
Sky Is Crying	1960	date
Shake For Me	1960	date
Send Me Your Pillow	1960	date
Road Runner	1960	date
Ramblin' On My Mind	1960	date
Process	1960	date
Please Set A Date	1960	date
Paying The Cost To Be The Boss	1960	date
Parchman Farm	1960	date
Ooh Baby (Hold Me)	1960	date
One More Mile	1960	date
No More Doggin'	1960	date
Never Trust A Woman	1960	date
My First Wife Left Me	1960	date
My Dog Can't Bark	1960	date
(My Country) Sugar Mama	1960	date
Money's Gettin' Cheaper	1960	date
Messin' With The Man	1960	date
Little Girl	1960	date
Little Baby	1960	date
Lets Get Down To Business	1960	date
Let's Make It	1960	date
Key To Love	1960	date
Kansas City	1960	date
Just A Little Love	1960	date
Jivin' Woman	1960	date
It's You I Love Baby	1960	date
It's My Own Fault	1960	date
It's A Pity	1960	date
It's A Mean World	1960	date
It Ain't Right	1960	date
In The Dark	1960	date
I Want You So Bad	1960	date
I've Been Treated Wrong	1960	date
I Put My Trust On You	1960	date
I Need You Baby	1960	date
I Need Some Money	1960	date
I'm Wanderin'	1960	date
I'mMad Again	1960	date
I'mLeaving Baby	1960	date
I'm Gonna Do What They Do To Me	1960	date
I'mGoing Upstairs	1960	date
I Love You So	1960	date
I Know What Your Putting Down	1960	date
I Got My Brand On You	1960	date
I Done Got Wise	1960	date
I Asked For Water	1960	date
Howlin' For My Baby	1960	date
How Many More Years	1960	date
How Long Blues	1960	date
Help The Poor (Version 1)	1960	date
Have You Heard	1960	date
Grab Me A Freight	1960	date
Got My Mojo Working	1960	date
Got A Good Thing Goin'	1960	date
Gonna Keep On Loving You	1960	date
Going Down Slow	1960	date
Goin' Down Slow	1960	date
Get Off My Back Woman	1960	date
Get Myself Somebody	1960	date
Gambler's Blues	1960	date
Frisco Blues	1960	date
Fools Get Wise	1960	date
Five Long Years (Version 2)	1960	date
Evil	1960	date
Everyday I Have The Blues (Version 3)	1960	date
Elevate Me Mama	1960	date
Early In The Morning (Version 1)	1960	date
Driving Wheel	1960	date
Drinking Beer	1960	date
Downhearted	1960	date
Down In The Bottom	1960	date
Double Crossing Time	1960	date
Don't Let Go	1960	date
Don't Get Around Much Anymore	1960	date
Don't Answer The Door	1960	date
Democrat Man	1960	date
Days Of Old (Version 1)	1960	date
Cryin' For My Baby	1960	date
Confessin' The Blues	1960	date
Come Back Baby	1960	date
Cane River	1960	date
Callin' On My Darlin'	1960	date
Buzz Me (Version 1)	1960	date
Built For Comfort	1960	date
Boom Boom	1960	date
Bo Diddley's A Gunslinger	1960	date
Baby, Blues Before Sunrise (Version 2)	1960	date
Blues At Midnight	1960	date
Blindman	1960	date
Be Careful With A Fool	1960	date
All Your Love	1960	date
All Over Again	1960	date
I Know You Rider	1960	date
You're Still My Woman	1970	date
You Got To Lose	1970	date
You Can't Lose What You Never Had	1970	date
Who Are You	1970	date
When The Welfare Turns Its Back On You	1970	date
Waitin' For The Bus	1970	date
Took The Car	1970	date
The Blues Had A Baby And They Named It Rock And Roll	1970	date
The Beginning Of The End	1970	date
That's What The Blues Is All About	1970	date
Take It Home	1970	date
(Somebody Else Been) Shakin' Your Tree	1970	date
She Loves My Automobile	1970	date
Second Hand Woman	1970	date
Same Old Story (Same Old Song)	1970	date
Running Out Of Steam	1970	date
Rub My Back	1970	date
Power Of The Blues	1970	date
Part Time Love	1970	date
Pan Am Highway Blues	1970	date
Pack It Up	1970	date
One Bourbon, One Scotch, One Beer	1970	date
Niji Baby	1970	date
Never Make A Move Too Soon	1970	date
Neighbor, Neighbor	1970	date
My Pretty Girl	1970	date
My Babe	1970	date
Move Me On Down The Line	1970	date
Move It On Over	1970	date
Midnight Believer	1970	date
Mamie	1970	date
Madison Blues	1970	date
Let The Good Times Roll (Version 1)	1970	date
Let Me Make You Cry A Little Longer	1970	date
Just Got Paid	1970	date
Just Got Back From Baby's	1970	date
Jesus Just Left Chicago	1970	date
I Wonder Why	1970	date
I Want To Be Loved	1970	date
I Wanna Get Funky	1970	date
I've Got Papers On You	1970	date
I've Always Been Lonely	1970	date
I'm Ready	1970	date
I Love You So	1970	date
I'll Play The Blues For You (Part 1 and 2)	1970	date
I Like To Live The Love	1970	date
I Just Can't Leave Your Love Alone	1970	date
I Get Evil	1970	date
I Don't Care What My Baby Do	1970	date
Hummingbird	1970	date
How Blue Can You Get	1970	date
Hold On	1970	date
Hi Fi Mama	1970	date
Happy Birthday Blues	1970	date
Guitar Man	1970	date
Go Underground	1970	date
Ghetto Woman	1970	date
GetOut Of My Life Woman	1970	date
Five Long Years (Version 1)	1970	date
Eyesight To The Blind	1970	date
Everyday I Have The Blues (Version 2)	1970	date
Dust My Broom	1970	date
Deep Down In Florida	1970	date
Deep Blues Sea	1970	date
Crying	1970	date
Crosseyed Cat	1970	date
Come By Here	1970	date
Cocaine Blues	1970	date
Change Of Pace	1970	date
Chains And Things	1970	date
Certified Blues	1970	date
Can't You See What You're Doing To Me	1970	date
Can't Stop Lovin'	1970	date
Call My Job	1970	date
Caldonia (Version 1)	1970	date
Brown Sugar	1970	date
Born Under A Bad Sign	1970	date
Blue Shadows	1970	date
Blue Jean Blues	1970	date
Big Legged Women	1970	date
Better Not Look Down	1970	date
Bar-B-Q	1970	date
Back Door Love Affair	1970	date
Ask Me No Questions	1970	date
Answer To The Laundromat Blues	1970	date
Ain't Nothing You Can Do	1970	date
Ain't Nobody's Business	1970	date
Ain't Nobody Home	1970	date
(Ain't It) A Real Good Sign	1970	date
Ain't Gonna Worry My Life Anymore	1970	date
A World Full Of Strangers	1970	date
A Story Everybody Knows	1970	date
You Were Wrong	1970	date
You're Still My Woman	1970	date
You Got To Lose	1970	date
You Can't Lose What You Never Had	1970	date
Who Are You	1970	date
When The Welfare Turns Its Back On You	1970	date
Waitin' For The Bus	1970	date
Took The Car	1970	date
The Blues Had A Baby And They Named It Rock And Roll	1970	date
The Beginning Of The End	1970	date
That's What The Blues Is All About	1970	date
Take It Home	1970	date
(Somebody Else Been) Shakin' Your Tree	1970	date
She Loves My Automobile	1970	date
Second Hand Woman	1970	date
Same Old Story (Same Old Song)	1970	date
Running Out Of Steam	1970	date
Rub My Back	1970	date
Power Of The Blues	1970	date
Part Time Love	1970	date
Pan Am Highway Blues	1970	date
Pack It Up	1970	date
One Bourbon, One Scotch, One Beer	1970	date
Niji Baby	1970	date
Never Make A Move Too Soon	1970	date
Neighbor, Neighbor	1970	date
My Pretty Girl	1970	date
My Babe	1970	date
Move Me On Down The Line	1970	date
Move It On Over	1970	date
Midnight Believer	1970	date
Master Charge (version 1)	1970	date
Mamie	1970	date
Madison Blues	1970	date
Let The Good Times Roll (Version 1)	1970	date
Let Me Make You Cry A Little Longer	1970	date
Just Got Paid	1970	date
Just Got Back From Baby's	1970	date
Jesus Just Left Chicago	1970	date
I Wonder Why	1970	date
I Want To Be Loved	1970	date
I Wanna Get Funky	1970	date
I've Got Papers On You	1970	date
I've Always Been Lonely	1970	date
I'm Ready	1970	date
I'll Play The Blues For You (Part 1 and 2)	1970	date
I Like To Live The Love	1970	date
I Just Can't Leave Your Love Alone	1970	date
I Get Evil	1970	date
I Don't Care What My Baby Do	1970	date
Hummingbird	1970	date
How Blue Can You Get	1970	date
Hold On	1970	date
Hi Fi Mama	1970	date
Happy Birthday Blues	1970	date
Guitar Man	1970	date
Go Underground	1970	date
Ghetto Woman	1970	date
GetOut Of My Life Woman	1970	date
Five Long Years (Version 1)	1970	date
Eyesight To The Blind	1970	date
Everyday I Have The Blues (Version 2)	1970	date
Dust My Broom	1970	date
Deep Down In Florida	1970	date
Deep Blues Sea	1970	date
Crying	1970	date
Crosseyed Cat	1970	date
Come By Here	1970	date
Cocaine Blues	1970	date
Change Of Pace	1970	date
Chains And Things	1970	date
Certified Blues	1970	date
Can't You See What You're Doing To Me	1970	date
Can't Stop Lovin'	1970	date
Call My Job	1970	date
Caldonia (Version 1)	1970	date
Brown Sugar	1970	date
Born Under A Bad Sign	1970	date
Blue Shadows	1970	date
Blue Jean Blues	1970	date
Big Legged Women	1970	date
Better Not Look Down	1970	date
Bar-B-Q	1970	date
Back Door Love Affair	1970	date
Ask Me No Questions	1970	date
Answer To The Laundromat Blues	1970	date
Ain't Nothing You Can Do	1970	date
Ain't Nobody's Business	1970	date
Ain't Nobody Home	1970	date
(Ain't It) A Real Good Sign	1970	date
Ain't Gonna Worry My Life Anymore	1970	date
A World Full Of Strangers	1970	date
A Story Everybody Knows	1970	date
You've Become A Habbit To Me	1980	date
You've Always Got The Blues	1980	date
You Talk Too Much	1980	date
You'll Be Mine	1980	date
You And Me, Me And You	1980	date
Wrap It Up	1980	date
Willie The Wimp	1980	date
When A Guitar Plays The Blues	1980	date
Wall Of Denial lyrics	1980	date
Wait On Time	1980	date
Voodoo Chile (Slight Return) lyrics	1980	date
TuffEnuff	1980	date
True Love	1980	date
Too Many Dirty Dishes	1980	date
Tin Pan Alley lyrics	1980	date
Tightrope lyrics	1980	date
Think Twice Before You Go	1980	date
The Things (That) I Used To Do	1980	date
The House Is Rockin' lyrics	1980	date
The Highway Is Like A Woman	1980	date
The Healer	1980	date
That's Alright	1980	date
Texas Flood lyrics	1980	date
Tell Me	1980	date
Teardrops From My Eyes	1980	date
Take Off Your Shoes	1980	date
T-Bone Shuffle	1980	date
Sugar Mama	1980	date
Street Life	1980	date
Standing On The Edge	1980	date
Snowed In	1980	date
Snatchin' It Back	1980	date
Sell My Monkey	1980	date
Scratch-N-Sniff	1980	date
Say What!	1980	date
Say What! (Live Alive Version)	1980	date
Sally Mae	1980	date
Rockin' Chair	1980	date
Quicksand	1980	date
Pride And Joy lyrics	1980	date
Poor Boy	1980	date
One Of Those Nights	1980	date
No Substitute	1980	date
Nightlife Please Send Me Someone To Love	1980	date
Night Time	1980	date
My Mind Is Trying To Leave Me	1980	date
My Dream	1980	date
Mary Had A Little Lamb lyrics	1980	date
Make Love To Me	1980	date
Love Struck Baby lyrics	1980	date
Love Me Tender	1980	date
Love Me Darlin'	1980	date
Lookin' Out The Window lyrics	1980	date
Look At Little Sister	1980	date
Long Gone	1980	date
Lights Are On But Nobody's Home	1980	date
Life Without You lyrics	1980	date
Lets Straighten It Out	1980	date
Let Me Love You Baby	1980	date
Leave My Girl Alone	1980	date
Lay Another Log On The Fire	1980	date
Inflation Blues	1980	date
I've Got A Right To Love My Baby	1980	date
I'm Leaving You (Commit A Crime)	1980	date
I'mIn The Mood (Version 2)	1980	date
I'm Cryin' lyrics	1980	date
I Got The Message	1980	date
I Got Mad	1980	date
I Got A Problem	1980	date
I'd Be A Legend In My Time	1980	date
I Can't Let You Go	1980	date
I Believe I'min Love	1980	date
I Ain't Drunk	1980	date
Heed My Warning	1980	date
Groovy Little Hippie Pad	1980	date
Go On	1980	date
Give Me My Blues	1980	date
Give Me All Your Loving	1980	date
Get To Gettin'	1980	date
Gear Jammer	1980	date
Full Time Lover	1980	date
Empty Arms lyrics	1980	date
Ego Trip	1980	date
Drowning In The Sea Of Love	1980	date
Don't Go Reaching Across My Plate	1980	date
Don't Change On Me	1980	date
Dirty Pool	1980	date
Darlin' You Know I Love You	1980	date
Cuttin' Out	1980	date
Crossfire lyrics	1980	date
Couldn't Stand The Weather lyrics	1980	date
Come On lyrics	1980	date
Cold Shot lyrics	1980	date
Change It lyrics	1980	date
Change In Your Loving	1980	date
Cash Talkin' (The Workingman's Blues)	1980	date
Can't Get Enough	1980	date
But I Was Cool	1980	date
Business With My Baby Tonight	1980	date
Broken Heart	1980	date
Broke	1980	date
Brick	1980	date
Blue Monday Hangover	1980	date
Bending Like A Willow Tree	1980	date
Bad To The Bone	1980	date
Baby, Baby Lee (Version 2)	1980	date
Amnesia	1980	date
Almost Lost My Mind	1980	date
Ain't Gone 'N' Give Up On Love	1980	date
A World I Never Made	1980	date
A Good Fool Is Hard To Find	1980	date
You've Become A Habbit To Me	1980	date
You've Always Got The Blues	1980	date
You Talk Too Much	1980	date
You'll Be Mine	1980	date
You And Me, Me And You	1980	date
Wrap It Up	1980	date
Willie The Wimp	1980	date
Why Get Up	1980	date
When A Guitar Plays The Blues	1980	date
Wall Of Denial lyrics	1980	date
Wait On Time	1980	date
Voodoo Chile (Slight Return) lyrics	1980	date
Two Time My Lovin'	1980	date
TuffEnuff	1980	date
True Love	1980	date
Too Many Dirty Dishes	1980	date
Tin Pan Alley lyrics	1980	date
Tightrope lyrics	1980	date
Think Twice Before You Go	1980	date
The Things (That) I Used To Do	1980	date
The Moon Is Full	1980	date
The House Is Rockin' lyrics	1980	date
The Highway Is Like A Woman	1980	date
The Healer	1980	date
That's Alright	1980	date
Texas Flood lyrics	1980	date
Tell Me	1980	date
Teardrops From My Eyes	1980	date
Take Off Your Shoes	1980	date
T-Bone Shuffle	1980	date
Sugar Mama	1980	date
Street Life	1980	date
Standing On The Edge	1980	date
Snowed In	1980	date
Snatchin' It Back	1980	date
Sell My Monkey	1980	date
Scratch-N-Sniff	1980	date
Say What!	1980	date
Say What! (Live Alive Version)	1980	date
Sally Mae	1980	date
Rockin' Chair	1980	date
Quicksand	1980	date
Pride And Joy lyrics	1980	date
Poor Boy	1980	date
One Of Those Nights	1980	date
No Substitute	1980	date
Nightlife Please Send Me Someone To Love	1980	date
Night Time	1980	date
My Mind Is Trying To Leave Me	1980	date
My Dream	1980	date
Mary Had A Little Lamb lyrics	1980	date
Make Love To Me	1980	date
Love Struck Baby lyrics	1980	date
Love Me Tender	1980	date
Love Me Darlin'	1980	date
Lookin' Out The Window lyrics	1980	date
Look At That, Look At That	1980	date
Look At Little Sister	1980	date
Long Gone	1980	date
Lights Are On But Nobody's Home	1980	date
Life Without You lyrics	1980	date
Lets Straighten It Out	1980	date
Let Me Love You Baby	1980	date
Leave My Girl Alone	1980	date
Lay Another Log On The Fire	1980	date
Inflation Blues	1980	date
If You Love Me Like You Say	1980	date
I've Got A Right To Love My Baby	1980	date
I'm Leaving You (Commit A Crime)	1980	date
I'mIn The Mood (Version 2)	1980	date
I'm Cryin' lyrics	1980	date
I Got The Message	1980	date
I Got Mad	1980	date
I Got A Problem	1980	date
I'd Be A Legend In My Time	1980	date
I Can't Let You Go	1980	date
I Believe I'min Love	1980	date
I Ain't Drunk	1980	date
Heed My Warning	1980	date
Groovy Little Hippie Pad	1980	date
Go On	1980	date
Give Me My Blues	1980	date
Give Me All Your Loving	1980	date
Get To Gettin'	1980	date
Gear Jammer	1980	date
Full Time Lover	1980	date
Empty Arms lyrics	1980	date
Ego Trip	1980	date
Drowning In The Sea Of Love	1980	date
Don't Go Reaching Across My Plate	1980	date
Don't Change On Me	1980	date
Dirty Pool	1980	date
Darlin' You Know I Love You	1980	date
Cuttin' Out	1980	date
Crossfire lyrics	1980	date
Couldn't Stand The Weather lyrics	1980	date
Come On lyrics	1980	date
Cold Shot lyrics	1980	date
Change It lyrics	1980	date
Change In Your Loving	1980	date
Cash Talkin' (The Workingman's Blues)	1980	date
Can't Get Enough	1980	date
But I Was Cool	1980	date
Business With My Baby Tonight	1980	date
Broken Heart	1980	date
Broke	1980	date
Brick	1980	date
Blue Monday Hangover	1980	date
Bending Like A Willow Tree	1980	date
Bad To The Bone	1980	date
Baby, Baby Lee (Version 2)	1980	date
Amnesia	1980	date
Almost Lost My Mind	1980	date
Ain't Gone 'N' Give Up On Love	1980	date
A World I Never Made	1980	date
A Good Fool Is Hard To Find	1980	date
You Shook Me	1990	date
You're The Boss	1990	date
You Need To Be With Me	1990	date
Why Get Up	1990	date
Why Do Things Happen	1990	date
White Boots	1990	date
Victims Of Comfort	1990	date
Two Time My Lovin'	1990	date
Travelin' South	1990	date
Tired Man	1990	date
Tick Tock lyrics	1990	date
They Call Me Guitar Hurricane	1990	date
There's Something On Your Mind	1990	date
There Is Always One More Time	1990	date
The Sky Is Crying	1990	date
The Moon Is Full	1990	date
The Lowdown	1990	date
The King's Highway	1990	date
The Hawk	1990	date
The Blues Come Over Me	1990	date
The Action	1990	date
That's Not Love	1990	date
Texas Strut	1990	date
Tell Me Baby	1990	date
Telephone Song	1990	date
Taxman	1990	date
Sweet Sixteen (Version 1)	1990	date
Sure We Had A Wonderful Time Last Night	1990	date
Stop Messin' Around	1990	date
Still Got The Blues	1990	date
Standin' At The Station	1990	date
Spirit In The Dark	1990	date
Soon As I Get Paid	1990	date
Something You Got	1990	date
Something Up My Sleeve	1990	date
Somebody Done Changed The Lock On My Door	1990	date
Slow Down	1990	date
Six Days On The Road	1990	date
Since I Met You Baby (With Gary Moore)	1990	date
Showbiz Blues	1990	date
Shame, Shame, Shame	1990	date
Shake It Up And Go	1990	date
Saturday Night Fish Fry	1990	date
Same Old Thing	1990	date
Rusty Dusty Blues (Mama Mama Blues)	1990	date
Roll, Roll, Roll	1990	date
Rock Me Right	1990	date
Rainmaker	1990	date
Put The Shoe On The Other Foot	1990	date
Perpetual Blues Machine	1990	date
Peace To The World	1990	date
Patches	1990	date
One Foot On The Path	1990	date
Nobody Knows You When You're Down And Out	1990	date
My Head's In Mississippi	1990	date
Muddy Water	1990	date
Mr. Collins, Mr. Collins	1990	date
More Than One Way Home	1990	date
Merry Go Round	1990	date
Merry Christmas Baby	1990	date
Mean Old World	1990	date
Mean And Evil	1990	date
May I have A talk With You	1990	date
Master Charge (version 2)	1990	date
Master Charge (version 1)	1990	date
Mama, He Treats Your Daughter Mean	1990	date
Lullaby Baby Blues	1990	date
Lover's Crime	1990	date
Love That Burns	1990	date
Love Never Treats Me Right	1990	date
Love Blues	1990	date
Louie To Frisco	1990	date
Looking For Somebody	1990	date
Looking For Answers	1990	date
Look At That, Look At That	1990	date
Long Way From Home	1990	date
Locomotive	1990	date
Live Another Day	1990	date
Little By Little	1990	date
Life By The Drop lyrics	1990	date
Letter To My Girlfriend	1990	date
Let The Good Times Roll (Version 2)	1990	date
Last Fair Deal Gone Down	1990	date
Knock Me A Kiss	1990	date
Just Won't Burn	1990	date
Just Like You	1990	date
Jack, You're Dead	1990	date
It's Up To You	1990	date
It's A Great, Great Pleasure	1990	date
It Hurt So Bad	1990	date
It Hurts Me Too	1990	date
It Had To Be You	1990	date
Is You Is, Or Is You Ain't (My Baby)	1990	date
If You Love Me	1990	date
If You Love Me Like You Say	1990	date
If Trouble Was Money	1990	date
If I Lost You	1990	date
Iceman	1990	date
I Was Wrong	1990	date
I've Got Some Outside Help I Don't Need	1990	date
I Pity The Fool	1990	date
I'm Telling You Now	1990	date
I'm Putting All My Eggs In One Basket	1990	date
I'm On Your Side	1990	date
I'm Moving On	1990	date
I'm King	1990	date
I'm Gonna Move To The Outskirts Of Town	1990	date
I'm Beginning To Wonder	1990	date
I Loved Another Woman	1990	date
I'll Survive	1990	date
I Gotta Move Out Of This Neighborhood	1990	date
I Don't Want No Woman	1990	date
I Don't Know	1990	date
I Can't Stop Loving You	1990	date
Hug You Squeeze You lyrics	1990	date
Hound Dog	1990	date
Henry	1990	date
Head Rag	1990	date
Hard To Be	1990	date
Hand It Over	1990	date
Good Texan	1990	date
Gonna Write Him A Letter	1990	date
God Trying To Get Your Attention	1990	date
Glory Of Love	1990	date
Get A Haircut	1990	date
Further On Up the Road	1990	date
Friars Point	1990	date
Freedom	1990	date
Found Someone New	1990	date
Fool Me Once	1990	date
Everything I Need	1990	date
Everybody's Had The Blues	1990	date
Everybody Gets The Blues	1990	date
Early In The Morning (Version 2)	1990	date
Driftin'	1990	date
Don't Mistake Kindness For Weakness	1990	date
Deja Voodoo	1990	date
Darling What Happened	1990	date
Dangerous Mood	1990	date
Come On In My Kitchen	1990	date
Close To You	1990	date
City Of Gold	1990	date
Choo Choo Ch'Boogie	1990	date
Caught A Touch Of Your Love	1990	date
Can't Leave You Alone	1990	date
Caldonia (Version 2)	1990	date
C.O.D.	1990	date
Buzz Me (Version 2)	1990	date
Broken Promise	1990	date
Born With A Broken Heart	1990	date
Boot Hill lyrics	1990	date
Blues Man	1990	date
Blues In G	1990	date
Blue On Black	1990	date
Beware, Brother, Beware	1990	date
Better Days	1990	date
Bad Case Of Love	1990	date
Back In L.A.	1990	date
B.B.'s Blues	1990	date
At Last	1990	date
As The Years Go Passing By	1990	date
Anybody Seen My Girl	1990	date
Angelina	1990	date
Angel From Montgomery	1990	date
Am I wrong	1990	date
All Your Love (I Miss Loving You)	1990	date
All You Ever Give Me Is The Blues	1990	date
Ain't That Just Like A Woman	1990	date
Ain't Nobody's Business	1990	date
Ain't Nobody's Bizness (Version 1)	1990	date
Ain't Nobody Here But Us Chickens	1990	date
Aberdeen	1990	date
A Letter To Tracy	1990	date
A Better Man	1990	date
You Shook Me	1990	date
You Shouldn't Have Left Me	1990	date
You're The Boss	1990	date
You Need To Be With Me	1990	date
Why Do Things Happen	1990	date
White Boots	1990	date
Wander This World	1990	date
Victims Of Comfort	1990	date
Travelin' South	1990	date
Too Tired	1990	date
Tired Man	1990	date
Tick Tock lyrics	1990	date
They Call Me Guitar Hurricane	1990	date
There's Something On Your Mind	1990	date
There Is Always One More Time	1990	date
The Sky Is Crying	1990	date
The Lowdown	1990	date
The King's Highway	1990	date
The Hawk	1990	date
The Blues Come Over Me	1990	date
The Action	1990	date
That's Not Love	1990	date
Texas Strut	1990	date
Tell Me Baby	1990	date
Telephone Song	1990	date
Taxman	1990	date
Sweet Sixteen (Version 1)	1990	date
Sure We Had A Wonderful Time Last Night	1990	date
Sugarman	1990	date
Stop Messin' Around	1990	date
Still Rainin'	1990	date
Still Got The Blues	1990	date
Standin' At The Station	1990	date
Spirit In The Dark	1990	date
Soon As I Get Paid	1990	date
Something You Got	1990	date
Something Up My Sleeve	1990	date
Somebody Done Changed The Lock On My Door	1990	date
Slow Down	1990	date
Six Days On The Road	1990	date
Since I Met You Baby (With Gary Moore)	1990	date
Showbiz Blues	1990	date
Shame, Shame, Shame	1990	date
Shake It Up And Go	1990	date
Second Guessing	1990	date
Saturday Night Fish Fry	1990	date
Same Old Thing	1990	date
Rusty Dusty Blues (Mama Mama Blues)	1990	date
Roll, Roll, Roll	1990	date
Rock Me Right	1990	date
Right Back	1990	date
Rainmaker	1990	date
Put The Shoe On The Other Foot	1990	date
Perpetual Blues Machine	1990	date
Peace To The World	1990	date
Patches	1990	date
One Foot On The Path	1990	date
Nobody Knows You When You're Down And Out	1990	date
Nice And Warm	1990	date
My Head's In Mississippi	1990	date
Muddy Water	1990	date
Mr. Collins, Mr. Collins	1990	date
More Than One Way Home	1990	date
Missing Your Love	1990	date
Merry Go Round	1990	date
Merry Christmas Baby	1990	date
Mean Old World	1990	date
Mean And Evil	1990	date
May I have A talk With You	1990	date
Matchbox	1990	date
Master Charge (version 2)	1990	date
Mama, He Treats Your Daughter Mean	1990	date
Malted Milk	1990	date
Lullaby Baby Blues	1990	date
Lover's Crime	1990	date
Love That Burns	1990	date
Love Never Treats Me Right	1990	date
Love Blues	1990	date
Louise	1990	date
Louie To Frisco	1990	date
Looking For Somebody	1990	date
Looking For Answers	1990	date
Long Way From Home	1990	date
Locomotive	1990	date
Live Another Day	1990	date
Little By Little	1990	date
Life By The Drop lyrics	1990	date
Lie To Me	1990	date
Letter To My Girlfriend	1990	date
Let The Good Times Roll (Version 2)	1990	date
Leaving To Stay	1990	date
Last Fair Deal Gone Down	1990	date
Knock Me A Kiss	1990	date
Just Won't Burn	1990	date
Just Like You	1990	date
Jack, You're Dead	1990	date
It's Up To You	1990	date
It's Obdacious	1990	date
It's A Great, Great Pleasure	1990	date
It Hurt So Bad	1990	date
It Hurts Me Too	1990	date
It Had To Be You	1990	date
Is You Is, Or Is You Ain't (My Baby)	1990	date
If You Love Me	1990	date
If Trouble Was Money	1990	date
If I Lost You	1990	date
Iceman	1990	date
I Was Wrong	1990	date
I've Got Some Outside Help I Don't Need	1990	date
I Pity The Fool	1990	date
I'm Telling You Now	1990	date
I'm Putting All My Eggs In One Basket	1990	date
I'm On Your Side	1990	date
I'm Moving On	1990	date
I'm Gonna Move To The Outskirts Of Town	1990	date
I'm Beginning To Wonder	1990	date
I Loved Another Woman	1990	date
I Love You The Best	1990	date
I'll Survive	1990	date
I Gotta Move Out Of This Neighborhood	1990	date
I Don't Want No Woman	1990	date
I Don't Know	1990	date
I Can't Stop Loving You	1990	date
I Am	1990	date
Hug You Squeeze You lyrics	1990	date
Hound Dog	1990	date
Hit The Ground Running	1990	date
Henry	1990	date
Head Rag	1990	date
Hard To Be	1990	date
Hand It Over	1990	date
Good Texan	1990	date
Good Morning Little School Girl	1990	date
Gonna Write Him A Letter	1990	date
God Trying To Get Your Attention	1990	date
Glory Of Love	1990	date
Get A Haircut	1990	date
Further On Up the Road	1990	date
Friars Point	1990	date
Freedom	1990	date
Found Someone New	1990	date
Fool Me Once	1990	date
Everything I Need	1990	date
Everybody's Had The Blues	1990	date
Everybody Gets The Blues	1990	date
Early In The Morning (Version 2)	1990	date
"E" Train	1990	date
Driftin'	1990	date
Don't Mistake Kindness For Weakness	1990	date
Deja Voodoo	1990	date
Darling What Happened	1990	date
Darker Side	1990	date
Dangerous Mood	1990	date
Come On In My Kitchen	1990	date
Close To You	1990	date
City Of Gold	1990	date
Choo Choo Ch'Boogie	1990	date
Cherry Red Wine	1990	date
Changes	1990	date
Caught A Touch Of Your Love	1990	date
Can't Leave You Alone	1990	date
Caldonia (Version 2)	1990	date
C.O.D.	1990	date
Buzz Me (Version 2)	1990	date
Broken Promise	1990	date
Breakin' Me	1990	date
Born With A Broken Heart	1990	date
Boot Hill lyrics	1990	date
Blues Man	1990	date
Blues In G	1990	date
Blue On Black	1990	date
Beware, Brother, Beware	1990	date
Better Days	1990	date
Before You Hit The Ground	1990	date
Bad Case Of Love	1990	date
Back In L.A.	1990	date
Back For A Taste Of Your Love	1990	date
B.B.'s Blues	1990	date
At Last	1990	date
As The Years Go Passing By	1990	date
Anybody Seen My Girl	1990	date
Angelina	1990	date
Angel Of Mercy	1990	date
Angel From Montgomery	1990	date
Am I wrong	1990	date
All Your Love (I Miss Loving You)	1990	date
All You Ever Give Me Is The Blues	1990	date
Ain't That Just Like A Woman	1990	date
Ain't Nobody's Business	1990	date
Ain't Nobody's Bizness (Version 1)	1990	date
Ain't Nobody Here But Us Chickens	1990	date
Aberdeen	1990	date
A Quitter Never Wins	1990	date
A Letter To Tracy	1990	date
A Better Man	1990	date
You're On Top (Version 2)	2000	date
Worried Life Blues	2000	date
Treat Her Like A Lady	2000	date
Ten Long Years (Version 2)	2000	date
Since I Fell For You	2000	date
She's My Baby	2000	date
Riding With The King	2000	date
Peace Of Mind (Version 2)	2000	date
Once Again	2000	date
My Gal Keeps Me Cryin'	2000	date
Monday Woman	2000	date
Marry You	2000	date
Manos Arriba	2000	date
Makin' Love Is Good For You	2000	date
Key To The Highway	2000	date
It's Still Called The Blues	2000	date
I Wanna Be	2000	date
I'm In the Wrong Business	2000	date
I Know	2000	date
I Got To Leave This Woman	2000	date
Hold On I'm Coming	2000	date
Help The Poor (Version 2)	2000	date
Fightin' Hard	2000	date
Electric Eel	2000	date
Don't Go No Farther	2000	date
Days Of Old (Version 2)	2000	date
Cryin' Shame	2000	date
Cowboy Boots	2000	date
Come Rain Or Come Shine	2000	date
Ain't Nobody Like My Baby	2000	date
Actions Speak Louder Than Words	2000	date
A Prophet's Mission	2000	date
Will I Ever Get Back Home?	2000	date
You're On Top (Version 2)	2000	date
Worried Life Blues	2000	date
Treat Her Like A Lady	2000	date
Ten Long Years (Version 2)	2000	date
Since I Fell For You	2000	date
She's My Baby	2000	date
Riding With The King	2000	date
Peace Of Mind (Version 2)	2000	date
Once Again	2000	date
My Gal Keeps Me Cryin'	2000	date
Monday Woman	2000	date
Marry You	2000	date
Manos Arriba	2000	date
Makin' Love Is Good For You	2000	date
Key To The Highway	2000	date
It's Still Called The Blues	2000	date
I Wanna Be	2000	date
I'm In the Wrong Business	2000	date
I Know	2000	date
I Got To Leave This Woman	2000	date
Hold On I'm Coming	2000	date
Help The Poor (Version 2)	2000	date
Fightin' Hard	2000	date
Electric Eel	2000	date
Don't Go No Farther	2000	date
Days Of Old (Version 2)	2000	date
Cryin' Shame	2000	date
Cowboy Boots	2000	date
Come Rain Or Come Shine	2000	date
Ain't Nobody Like My Baby	2000	date
Actions Speak Louder Than Words	2000	date
A Prophet's Mission	2000	date
Will I Ever Get Back Home?	2000	date